id,run_id,stage_name,attempt_number,mode,readability_score,lexical_diversity,prompt_coverage,sentence_redundancy,entity_consistency,topic_coherence,factual_conflict_flag,prompt_ambiguity,phoneme_error_rate,silence_ratio,speaking_rate_variance,energy_variance,tts_word_count_match,clip_similarity,aesthetic_score,blur_score,object_match_score,colour_tone_match,visual_provider,av_sync_error_ms,transition_smoothness,duration_deviation_s,prior_stage_corrections,cumulative_risk_score,api_retry_count,is_fallback_video,human_decision,created_at
2721c9f9-8dd4-4b22-a43b-daac2b5ce6ac,0af4068f-6a7e-4c1d-a046-1190796ebed1,visual,2,B,,,,,,,,,,,,,,1,0.0021,64.7621,0,,modal,,,,1,0,0,FALSE,reject,03:11.6
94f8a67c-1993-4735-be35-b545358bf261,8e325c12-8fb5-49c9-9da5-8c5ea695d3e6,script,1,B,57.65243083003952,0.8152,0.7971,0,0,0.6248,0,1.6994,,,,,,,,,,,,,,,0,0,0,FALSE,accept,54:12.9
4e5deabb-2d9a-4e2a-86c1-4ced1e68ebd0,0af4068f-6a7e-4c1d-a046-1190796ebed1,script,2,B,48.12216355140188,0.8411,0.8053,0,0.3333,0.5631,1,1.2255,,,,,,,,,,,,,,,0,0,0,FALSE,accept,55:42.4
43445b45-e7e9-46ff-a0d7-532dbf27aef0,ea6417eb-1675-424c-8622-3181ff486407,video,1,B,,,,,,,,,,,,,,,,,,,,0,0.3181,0,0,0,0,FALSE,accept,36:19.7
fc67be20-0915-4b1b-9f84-22b5c83bb396,d71da0e1-37f8-4327-9310-d6d7b6b0520d,video,1,B,,,,,,,,,,,,,,,,,,,,0,0.33,6,0,0,0,FALSE,accept,36:07.3
9d804722-c1a0-4f55-be00-815339c80e77,0af4068f-6a7e-4c1d-a046-1190796ebed1,video,1,B,,,,,,,,,,,,,,,,,,,,0,0.1954,17.25,1,0,0,FALSE,reject,16:00.0
e20da953-7b75-470d-9bd2-bc0a05c06f99,ab292628-cd68-4508-9d66-dd2d387637ba,video,1,B,,,,,,,,,,,,,,,,,,,,0,0.2992,0,0,0,0,FALSE,accept,35:16.8
49d0b1f7-eb05-413f-8010-589fb7b76717,a2a36c36-46b0-4f3f-9f08-39e62f0f0e91,audio,2,B,,,,,,,,,0.0706,0.2944,0.0374,0.00293631,0.9528,,,,,,,,,,0,0,0,FALSE,accept,03:16.9
30bc7575-309d-44e4-8833-570be082ec95,5cbe77a1-708e-43ba-a666-957dee219943,audio,1,B,,,,,,,,,0.1786,0.277,0.0164,0.00290142,0.9596,,,,,,,,,,2,0,0,FALSE,reject,16:01.3
55a64af5-e335-43f6-bf6e-6421e6ac1cd7,0af4068f-6a7e-4c1d-a046-1190796ebed1,audio,1,B,,,,,,,,,0.1099,0.2338,0.0412,0.00282303,0.9554,,,,,,,,,,1,0,0,FALSE,accept,02:08.6
a4fc9814-512f-49a5-a355-e12d93156fb5,6a49c288-1771-4d37-a3b6-df35d5c552ab,video,1,B,,,,,,,,,,,,,,,,,,,,0,0.3216,0,0,0,0,FALSE,reject,50:40.3
6b3bcb00-e580-441f-aea8-b7691255d8f0,5cbe77a1-708e-43ba-a666-957dee219943,visual,1,B,,,,,,,,,,,,,,1,0.0423,235.2575,0.3333,0.5,modal,,,,3,0,0,FALSE,reject,17:11.8
3784de53-5fff-4c2a-a658-917ecd4c2da4,7338fa3b-c423-4830-aa3e-91678d41d870,audio,2,B,,,,,,,,,0.1294,0.3502,0.0149,0.00352932,0.9537,,,,,,,,,,0,0,0,FALSE,accept,15:50.5
1bdca950-2b82-44a8-b26a-c81754cc0259,a2a36c36-46b0-4f3f-9f08-39e62f0f0e91,visual,2,B,,,,,,,,,,,,,,1,0.0031,59.1312,0.0833,,modal,,,,1,0,0,FALSE,reject,19:22.1
7094705f-2420-4908-924c-0ac1e41195d0,f897acd8-f3cb-4ff6-8c2d-a9ead2f4e3fa,audio,1,B,,,,,,,,,0.0385,0.2216,0.0635,0.00266819,0.949,,,,,,,,,,0,0,0,FALSE,accept,06:24.3
799f6962-88be-4411-8fde-c51bae76072f,7338fa3b-c423-4830-aa3e-91678d41d870,script,1,B,78.87463032,0.8155,0.6132,0,0,0.4219,1,1.7269,,,,,,,,,,,,,,,0,0,0,FALSE,accept,14:25.7
8e318aec-f4d2-4455-8b51-5152491282ec,53197a14-1ea6-40dc-b869-028e9ccef44a,script,1,B,53.789583333333354,0.7372,0.73,0,,0.5005,1,1.7171,,,,,,,,,,,,,,,0,0,0,FALSE,accept,25:49.0
e8dda7b4-e005-487a-bcc0-4dde99efafd5,a7f0099d-76ca-409f-98d8-37614e6415aa,visual,1,B,,,,,,,,,,,,,,1,0.0037,87.5309,0,0.5,modal,,,,1,0,0,FALSE,accept,16:30.4
045f82c4-602a-4b96-af64-2de134d5ab8d,ad2f1212-3123-47a6-8712-5812c7b5fff7,visual,2,B,,,,,,,,,,,,,,1,0.0431,609.7356,0,,modal,,,,0,0,0,FALSE,accept,03:06.4
93a0203e-05bb-4474-a9b6-1ddcc7fc3ec8,a7f0099d-76ca-409f-98d8-37614e6415aa,audio,1,B,,,,,,,,,0.0886,0.1942,0.0463,0.00275988,0.95,,,,,,,,,,1,0,0,FALSE,accept,15:57.2
4c799590-1b96-409f-891b-f7ab3db938d6,5cbe77a1-708e-43ba-a666-957dee219943,script,2,B,36.45901444350042,0.7982,0.6942,0,0,0.3852,1,1.6508,,,,,,,,,,,,,,,0,0,0,FALSE,reject,15:21.7
89e86da3-d62a-43d7-b299-99633e6f366d,7338fa3b-c423-4830-aa3e-91678d41d870,audio,1,B,,,,,,,,,0.1294,0.3502,0.0149,0.00352932,0.9537,,,,,,,,,,0,0,0,FALSE,reject,15:12.0
95234b38-52cb-4f0d-857c-3f23d7081960,5cbe77a1-708e-43ba-a666-957dee219943,audio,2,B,,,,,,,,,0.1786,0.277,0.0164,0.00290142,0.9596,,,,,,,,,,2,0,0,FALSE,accept,16:46.3
482bfae0-ff3a-4919-9066-0ed435f2d68e,7338fa3b-c423-4830-aa3e-91678d41d870,video,1,B,,,,,,,,,,,,,,,,,,,,0,0.0914,17.25,1,0,0,FALSE,accept,21:34.4
b5f17782-a46c-45d4-b4b5-8b8137d4850d,7338fa3b-c423-4830-aa3e-91678d41d870,visual,1,B,,,,,,,,,,,,,,1,0.0466,287.0862,0,0.5,modal,,,,1,0,0,FALSE,accept,16:17.0
4a6d2ee8-e8b8-4479-86da-ab322c84bab3,5cbe77a1-708e-43ba-a666-957dee219943,video,1,B,,,,,,,,,,,,,,,,,,,,0,0.111,17.25,3,0,0,FALSE,accept,21:37.6
ea30bfe9-c1c1-4728-a395-80c079a369d5,a7f0099d-76ca-409f-98d8-37614e6415aa,video,1,B,,,,,,,,,,,,,,,,,,,,0,0.0784,17.25,1,0,0,FALSE,accept,21:43.5
cca89277-3b80-431a-85c9-034304fef171,32796328-62cf-48b6-8636-93f4aabdd48d,script,1,B,78.09731092436975,0.7238,0.6185,0,0,0.5012,1,1.226,,,,,,,,,,,,,,,0,0,0,FALSE,accept,38:28.3
71e40402-2e88-4f58-8ce4-4aeb722804a1,636204a0-2285-4293-8b09-712a10010587,script,1,B,49.12326086956523,0.8261,0.7815,0,0,0.39,1,1.7715,,,,,,,,,,,,,,,0,0,0,FALSE,accept,38:18.3
f37bf5f8-5afe-4f89-8762-b2b5ad92ff04,4cc0dc01-021a-4d19-8805-a72017efe815,audio,1,B,,,,,,,,,0.0633,0.2821,0.0281,0.00288832,0.951,,,,,,,,,,1,0,0,FALSE,accept,24:06.0
05d0f77c-74f9-4046-99da-77ebbb75b0d2,32796328-62cf-48b6-8636-93f4aabdd48d,visual,1,B,,,,,,,,,,,,,,1,0.0012,33.3481,0.1667,0.5,modal,,,,1,0,0,FALSE,accept,40:20.5
f1910d47-85e0-4569-96cb-970e0ba2ed33,c9282db7-4137-46e6-ba50-0eadc153f75c,visual,2,B,,,,,,,,,,,,,,1,0.0128,231.4511,0.1667,,modal,,,,1,0,0,FALSE,accept,16:12.9
da42a8db-cfd0-4cf8-b256-884415fffab3,6a49c288-1771-4d37-a3b6-df35d5c552ab,script,1,B,64.99400000000003,0.8936,0.7118,0,0,0.3468,0,1.2464,,,,,,,,,,,,,,,0,0,0,FALSE,accept,40:05.3
d6242c84-f9e2-42c0-b752-ab5c6a61aa78,53197a14-1ea6-40dc-b869-028e9ccef44a,audio,1,B,,,,,,,,,0.0882,0.2387,0.0294,0.0028646,0.9306,,,,,,,,,,0,0,0,FALSE,accept,29:55.1
6f2d69bc-d0d9-499e-8de5-c6f481d698ad,4dbacaf7-6cd4-4283-9d70-7047bc5fc6ef,video,1,B,,,,,,,,,,,,,,,,,,,,0,0.3801,18,0,0,0,FALSE,accept,36:21.8
f9e82e6f-dfae-445c-b282-1daed8421077,f45568f0-8844-4663-bad4-0ea85eb4ddf8,video,1,B,,,,,,,,,,,,,,,,,,,,0,0.4584,6,1,0,0,FALSE,accept,36:11.9
939af97b-2afb-493c-8965-5430912bd193,ab292628-cd68-4508-9d66-dd2d387637ba,script,1,B,45.31458333333336,0.8333,0.8057,0,0,0.5365,1,1.7171,,,,,,,,,,,,,,,0,0,0,FALSE,accept,19:01.2
d1242e6c-72cf-4239-a1b5-76cb8855d8ac,8e325c12-8fb5-49c9-9da5-8c5ea695d3e6,video,2,B,,,,,,,,,,,,,,,,,,,,0,0.3375,17.25,1,0,0,FALSE,accept,19:49.4
f9da93c0-26d9-4981-a8d5-a60122080096,ad2f1212-3123-47a6-8712-5812c7b5fff7,video,1,B,,,,,,,,,,,,,,,,,,,,0,0.4308,17.25,0,0,0,FALSE,accept,15:52.8
dba139df-6ceb-4ae8-abc9-785393e1ac6e,0af4068f-6a7e-4c1d-a046-1190796ebed1,video,2,B,,,,,,,,,,,,,,,,,,,,0,0.1954,17.25,1,0,0,FALSE,accept,16:57.9
fa0ed1d8-5212-4217-aa1e-acca7bef83e2,6a49c288-1771-4d37-a3b6-df35d5c552ab,visual,2,B,,,,,,,,,,,,,,1,0.0016,19.4648,0,0.9333,ken_burns,,,,0,0,0,TRUE,accept,42:47.8
ec39f85e-3af3-47ae-844b-83088cf73928,5c96cb28-c7df-4fd1-968c-5f8417b25216,audio,1,B,,,,,,,,,0.0811,0.2451,0.0332,0.00289786,0.94,,,,,,,,,,0,0,0,FALSE,accept,22:03.1
75231640-d524-4ff6-9a2c-a714b8899dd1,8e325c12-8fb5-49c9-9da5-8c5ea695d3e6,audio,2,B,,,,,,,,,0.1053,0.2929,0.0222,0.00281193,0.9588,,,,,,,,,,0,0,0,FALSE,accept,03:05.8
adce1433-e04a-4984-bc7b-47769c94891b,0af4068f-6a7e-4c1d-a046-1190796ebed1,script,1,B,51.879633620689674,0.8966,0.7332,0,0.3333,0.493,0,1.2255,,,,,,,,,,,,,,,0,0,0,FALSE,reject,53:53.0
f613965d-d052-4f49-bda0-4d3c49012e85,ad2f1212-3123-47a6-8712-5812c7b5fff7,audio,1,B,,,,,,,,,0.0465,0.2123,0.0437,0.00234048,0.9554,,,,,,,,,,0,0,0,FALSE,accept,55:46.3
8703b3a6-655b-4b80-9b01-c7225d159a29,6a49c288-1771-4d37-a3b6-df35d5c552ab,video,2,B,,,,,,,,,,,,,,,,,,,,0,0.3216,0,0,0,0,FALSE,accept,51:18.9
28951a85-5de2-4521-aaf7-3cc2d8842538,5c96cb28-c7df-4fd1-968c-5f8417b25216,video,1,B,,,,,,,,,,,,,,,,,,,,0,0.2662,0,0,0,0,FALSE,accept,27:56.3
d805ac09-f44f-458f-a0a7-7c464573fe95,c9282db7-4137-46e6-ba50-0eadc153f75c,script,2,B,47.87700442477876,0.8407,0.7412,0,0,0.7155,1,1.77,,,,,,,,,,,,,,,0,0,0,FALSE,accept,55:11.4
d8a2d422-0f33-4692-a0c3-290c76bad232,ab292628-cd68-4508-9d66-dd2d387637ba,visual,1,B,,,,,,,,,,,,,,1,0.0003,5.3739,0,,modal,,,,0,0,0,FALSE,reject,20:27.2
600f82cf-9e8f-49ac-80a2-3334bd56c248,ad2f1212-3123-47a6-8712-5812c7b5fff7,script,1,B,39.08180490654206,0.7944,0.7768,0,0.1053,0.4585,1,1.6193,,,,,,,,,,,,,,,0,0,0,FALSE,accept,54:03.5
1aca996b-bcfb-4ae6-9f5b-7cdab6992adb,5cbe77a1-708e-43ba-a666-957dee219943,script,1,B,44.67928853754941,0.7913,0.6968,0,0,0.2693,1,1.6508,,,,,,,,,,,,,,,0,0,0,FALSE,reject,14:49.7
9c2f85d5-2522-4545-9b4e-ceeb5e7ce496,c9282db7-4137-46e6-ba50-0eadc153f75c,audio,1,B,,,,,,,,,0.0833,0.2449,0.0063,0.00266335,0.9576,,,,,,,,,,1,0,0,FALSE,accept,55:42.4
7207b50b-e7ab-4ee7-8b8c-29d9c06feca7,c9282db7-4137-46e6-ba50-0eadc153f75c,script,1,B,50.27825647249193,0.8544,0.6142,0,0,0.6152,0,1.77,,,,,,,,,,,,,,,0,0,0,FALSE,reject,53:32.1
6cca19d0-3de9-4eef-937e-e03544755842,a2a36c36-46b0-4f3f-9f08-39e62f0f0e91,visual,1,B,,,,,,,,,,,,,,1,0.0049,59.3406,0.3333,,modal,,,,1,0,0,FALSE,reject,08:45.7
b0adc49d-1217-4f2e-931e-d8e39a1e6ab2,8e325c12-8fb5-49c9-9da5-8c5ea695d3e6,video,1,B,,,,,,,,,,,,,,,,,,,,0,0.3375,17.25,1,0,0,FALSE,reject,19:07.8
86c5dbdc-00d8-47cf-93d2-5e3b5de22429,c9282db7-4137-46e6-ba50-0eadc153f75c,visual,2,B,,,,,,,,,,,,,,1,0.0031,79.2376,0,,modal,,,,1,0,0,FALSE,reject,03:18.7
237f06df-f154-42de-97af-c23cb63e74a2,a7f0099d-76ca-409f-98d8-37614e6415aa,script,1,B,39.96416667,0.85,0.6933,0,0,0.3401,0,1.7636,,,,,,,,,,,,,,,0,0,0,FALSE,reject,15:02.9
abff19e5-b85b-4627-ab2f-ddf811b0ff63,c9282db7-4137-46e6-ba50-0eadc153f75c,video,1,B,,,,,,,,,,,,,,,,,,,,0,0.3971,17.25,2,0,0,FALSE,accept,28:31.0
4e66cb02-b657-4b82-95f0-c7cc1a362591,a7f0099d-76ca-409f-98d8-37614e6415aa,script,2,B,36.133333333333354,0.8211,0.6337,0,0,0.4184,0,1.7636,,,,,,,,,,,,,,,0,0,0,FALSE,accept,15:26.2
75cccf5b-9d7f-437d-b019-3c808943950a,a2a36c36-46b0-4f3f-9f08-39e62f0f0e91,video,1,B,,,,,,,,,,,,,,,,,,,,0,0.3229,17.25,2,0,0,FALSE,accept,29:20.3
a3ce58d3-38fe-4577-b6bf-1b29e5191b63,5cbe77a1-708e-43ba-a666-957dee219943,script,3,B,34.36136363636368,0.883,0.6696,0,0,0.3383,1,1.6508,,,,,,,,,,,,,,,0,0,0,FALSE,accept,15:42.1
01992286-4d72-4726-9d6a-ab434b828c91,8e325c12-8fb5-49c9-9da5-8c5ea695d3e6,audio,1,B,,,,,,,,,0.1053,0.2929,0.0222,0.00281193,0.9588,,,,,,,,,,0,0,0,FALSE,reject,55:55.0
553c0fe2-c088-411f-a62a-d06e116e7350,77d6abef-3a9e-4a2d-9744-ae2ee84c4764,video,1,B,,,,,,,,,,,,,,,,,,,,0,0.3738,0,0,0,0,FALSE,accept,36:14.8
dc5e2aa9-d2c6-4527-b772-0ec7323a4b15,5c96cb28-c7df-4fd1-968c-5f8417b25216,script,1,B,53.63690058479537,0.7684,0.6,0,0,0.4708,1,1.1162,,,,,,,,,,,,,,,0,0,0,FALSE,accept,21:32.7
27a19fa7-201c-4a86-8c3b-665b4bb417fe,77d6abef-3a9e-4a2d-9744-ae2ee84c4764,script,1,B,51.863333333333344,0.7556,0.6911,0,,0.3989,1,1.2347,,,,,,,,,,,,,,,0,0,0,FALSE,accept,09:23.6
f3aefcde-110b-4d52-824a-ade2c9f4c8c9,d71da0e1-37f8-4327-9310-d6d7b6b0520d,visual,2,B,,,,,,,,,,,,,,1,0.0161,384.366,0,0.0269,modal,,,,0,0,0,FALSE,accept,10:48.2
24a87efa-6b0c-4a06-b737-3bc02b889a14,f45568f0-8844-4663-bad4-0ea85eb4ddf8,visual,1,B,,,,,,,,,,,,,,1,0.0373,620.5494,0,0.1792,modal,,,,1,0,0,FALSE,accept,11:27.3
f282391d-6522-4ca9-a26b-352583a3b125,77d6abef-3a9e-4a2d-9744-ae2ee84c4764,visual,2,B,,,,,,,,,,,,,,1,0.0122,183.5014,0,0.0179,modal,,,,0,0,0,FALSE,accept,10:47.7
e767d813-fe65-47d2-9ec5-c10c8ab3111f,ea6417eb-1675-424c-8622-3181ff486407,visual,1,B,,,,,,,,,,,,,,1,0.0546,978.4587,0,0.1034,modal,,,,0,0,0,FALSE,accept,11:12.2
add7f82c-d86e-4b45-9b4a-238f4734967b,ea6417eb-1675-424c-8622-3181ff486407,audio,1,B,,,,,,,,,0.0928,0.2439,0.0949,0.00301522,0.9535,,,,,,,,,,0,0,0,FALSE,accept,10:05.8
aebb4a6c-581e-43c2-96e2-ba243c227ba6,d71da0e1-37f8-4327-9310-d6d7b6b0520d,audio,1,B,,,,,,,,,0.0374,0.2277,0.0043,0.00260829,0.942,,,,,,,,,,0,0,0,FALSE,accept,09:48.0
9bae1ae7-f6fe-4fdc-8e4c-5b09bd447521,4dbacaf7-6cd4-4283-9d70-7047bc5fc6ef,audio,1,B,,,,,,,,,0.0654,0.2319,0.0362,0.00271251,0.9533,,,,,,,,,,0,0,0,FALSE,accept,10:33.4
3c848759-7b65-449a-a284-75fbcacd47ed,0fcc64db-9f0f-468a-b58a-d8b4e408ffb8,script,1,B,58.78750000000002,0.7,0.7444,0,,0.4905,1,1.3965,,,,,,,,,,,,,,,0,0,0,FALSE,accept,44:47.9
81a7370e-6854-4fbd-9c5f-f3413248da68,f45568f0-8844-4663-bad4-0ea85eb4ddf8,script,1,B,47.78311036789299,0.8609,0.7905,0,,0.3616,1,1.6807,,,,,,,,,,,,,,,0,0,0,FALSE,accept,09:14.2
612e299b-efdf-41d7-9bdc-82d355bd9eb2,ea6417eb-1675-424c-8622-3181ff486407,script,1,B,40.49124316939893,0.7869,0.6231,0,,0.425,1,1.4732,,,,,,,,,,,,,,,0,0,0,FALSE,accept,09:32.0
fb681da3-656a-4f12-82c2-e466674c446f,0fcc64db-9f0f-468a-b58a-d8b4e408ffb8,audio,1,B,,,,,,,,,0.0472,0.2416,0.029,0.00258564,0.9554,,,,,,,,,,0,0,0,FALSE,accept,45:24.0
f56b9353-9ec3-464e-929a-0beabf9af7e1,77d6abef-3a9e-4a2d-9744-ae2ee84c4764,audio,1,B,,,,,,,,,0.1262,0.2057,0.1168,0.00248663,0.9577,,,,,,,,,,0,0,0,FALSE,accept,09:52.5
7a6f9441-f2ae-4fa0-88b6-9702ab836b0c,4dbacaf7-6cd4-4283-9d70-7047bc5fc6ef,visual,2,B,,,,,,,,,,,,,,1,0.021,197.3076,0,0.3128,modal,,,,0,0,0,FALSE,accept,11:12.8
1c885263-4634-4696-bd73-606b52cbeffa,d71da0e1-37f8-4327-9310-d6d7b6b0520d,script,1,B,41.360000000000014,0.8092,0.6988,0,,0.3207,1,1.5461,,,,,,,,,,,,,,,0,0,0,FALSE,accept,08:53.0
058d6ee2-3156-4c64-bf93-fe49590c8d3e,ab292628-cd68-4508-9d66-dd2d387637ba,audio,1,B,,,,,,,,,0.0741,0.248,0.0106,0.002897,0.9505,,,,,,,,,,0,0,0,FALSE,accept,19:53.4
f77006bd-e83a-4e51-bbd8-4282753631fc,4dbacaf7-6cd4-4283-9d70-7047bc5fc6ef,script,1,B,57.439527972027975,0.7413,0.7564,0,,0.5488,1,1.4453,,,,,,,,,,,,,,,0,0,0,FALSE,accept,09:42.8
4a2cd5d5-c6fd-4328-a07b-a051ccec6739,f897acd8-f3cb-4ff6-8c2d-a9ead2f4e3fa,script,1,B,58.71774194,0.828,0.7143,0,0,0.43,1,1.563,,,,,,,,,,,,,,,0,0,0,FALSE,accept,05:10.7
23b39571-8da4-458a-83da-41d3175fa065,f45568f0-8844-4663-bad4-0ea85eb4ddf8,audio,2,B,,,,,,,,,0.15,0.2666,0.0541,0.00257868,0.9426,,,,,,,,,,0,0,0,FALSE,accept,11:00.7
18985f68-5609-4d15-a6fe-5b794a3cc245,f45568f0-8844-4663-bad4-0ea85eb4ddf8,audio,1,B,,,,,,,,,0.15,0.2666,0.0541,0.00257868,0.9426,,,,,,,,,,0,0,0,FALSE,reject,09:59.3
6077caaa-4d3c-4e14-91d5-1754fb1bb0bc,6a49c288-1771-4d37-a3b6-df35d5c552ab,audio,1,B,,,,,,,,,0.0235,0.2617,0.037,0.00277187,0.9495,,,,,,,,,,0,0,0,FALSE,accept,42:05.4
3013247d-a085-4f9a-8b7e-e6cde8162610,5c96cb28-c7df-4fd1-968c-5f8417b25216,visual,1,B,,,,,,,,,,,,,,1,0.0008,13.2974,0,0.9601,ken_burns,,,,0,0,0,TRUE,accept,22:30.7
55805f10-4aea-407b-a219-d3b8a01965b7,f897acd8-f3cb-4ff6-8c2d-a9ead2f4e3fa,video,1,B,,,,,,,,,,,,,,,,,,,,0,0.3407,0,0,0,0,FALSE,accept,25:48.8
496b022f-3f2b-4f87-a178-b4cb66b1a265,f897acd8-f3cb-4ff6-8c2d-a9ead2f4e3fa,visual,2,B,,,,,,,,,,,,,,1,0.0013,17.6771,0.1667,0.9346,modal,,,,0,0,0,FALSE,reject,07:00.0
8eba71c6-5c8d-4b8d-b06d-5e64465aa2cc,a2a36c36-46b0-4f3f-9f08-39e62f0f0e91,script,1,B,40.638339680121874,0.8317,0.7318,0,0,0.4067,0,1.0602,,,,,,,,,,,,,,,0,0,0,FALSE,accept,53:43.4
cc36d372-31e5-40a2-93ba-8e0ef1efb308,a2a36c36-46b0-4f3f-9f08-39e62f0f0e91,audio,1,B,,,,,,,,,0.0706,0.2944,0.0374,0.00293631,0.9528,,,,,,,,,,0,0,0,FALSE,reject,55:21.7
9ad2b1ca-1d21-4330-9126-130e609b293b,8e325c12-8fb5-49c9-9da5-8c5ea695d3e6,visual,1,B,,,,,,,,,,,,,,1,0.0236,1074.4542,0,,modal,,,,1,0,0,FALSE,accept,08:33.0
6fa2b9ae-fb6b-4581-bcde-b10ee8798889,fc77190f-0f64-4d8c-842d-c2dd255c8e36,script,1,B,22.99123188405798,0.7935,0.6759,0,0.1111,0.4581,1,1.4423,,,,,,,,,,,,,,,0,0,0,FALSE,reject,38:40.9
4f28d9c8-1ce6-4bbe-ab6f-760ce9a0ee71,ac15392d-090f-45b2-a6d9-44e5fe2a6bde,script,1,B,45.35663967611336,0.8105,0.6931,0,0,0.4209,0,1.7034,,,,,,,,,,,,,,,0,0,0,FALSE,reject,52:14.3
a4902095-ef17-4154-9b73-02fd5ea4cf01,ac15392d-090f-45b2-a6d9-44e5fe2a6bde,visual,1,B,,,,,,,,,,,,,,1,0.0157,204.5923,0.5,0.5,modal,,,,3,0,0,FALSE,reject,54:35.8
3c093b75-1d6a-4e5c-bb3b-27e005082dd2,dcf172a8-519d-4d06-a9d5-a518e458b3d3,video,1,B,,,,,,,,,,,,,,,,,,,,0,0.3257,4,3,0,0,FALSE,accept,32:34.4
7c484ee6-8bcc-4fc6-85f2-31e6a9ff8efd,ac15392d-090f-45b2-a6d9-44e5fe2a6bde,script,2,B,40.43877419,0.8602,0.6823,0,0,0.4773,0,1.7034,,,,,,,,,,,,,,,0,0,0,FALSE,reject,52:33.9
183ae476-aa0f-490c-8345-fb8d324df0cc,2273f7fc-7690-416f-93f6-6e98063eba4d,script,1,B,57.38427959,0.8585,0.7376,0,0,0.4344,0,1.2464,,,,,,,,,,,,,,,0,0,0,FALSE,accept,02:29.8
d4171ac0-2359-425d-a696-ac7c6ed2937c,78daf418-5487-4635-8096-a8050ffd4c4a,script,2,B,43.26743257820928,0.8173,0.6282,0,0.0625,0.3877,0,1.3024,,,,,,,,,,,,,,,0,0,0,FALSE,accept,53:37.9
68c18269-9bcf-4faa-9b26-320a818c0afa,1e835ad5-0ac3-47f6-af1b-b2c214a606ec,script,1,B,53.533235294117674,0.7843,0.651,0,0,0.5349,0,1.4133,,,,,,,,,,,,,,,0,0,0,FALSE,accept,14:34.4
4e9e610c-ddec-4296-962b-05d2e4e84877,c34afaf4-2391-4719-9760-fae2bb77b413,script,1,B,57.11705159705161,0.8288,0.6925,0,0,0.2777,1,1.1989,,,,,,,,,,,,,,,0,0,0,FALSE,accept,23:34.0
4eea4ec6-163c-4b84-8e73-51bcdffa75fa,98b9b09a-ed44-42ff-ad85-44744f5dade8,script,3,B,47.47546568627453,0.8083,0.6369,0,0,0.3713,1,1.3024,,,,,,,,,,,,,,,0,0,0,FALSE,accept,03:30.7
4b9ed306-ea0a-4556-b631-92e529c1c505,78daf418-5487-4635-8096-a8050ffd4c4a,audio,1,B,,,,,,,,,0.093,0.2001,0.018,0.00259153,0.9633,,,,,,,,,,1,0,0,FALSE,accept,54:04.5
514f8cd6-ce96-4ef9-a84b-0f12e97c1cd1,e0ec522b-da8b-4050-a6aa-edf44e9f480e,audio,1,B,,,,,,,,,0.0172,0.2324,0.0608,0.0027898,0.9438,,,,,,,,,,0,0,0,FALSE,accept,03:05.4
0153ba99-e77f-4fec-9371-e2f8fb617a5f,9db1ca58-6276-42cf-b01d-434be5da37af,visual,2,B,,,,,,,,,,,,,,1,0.0037,23.5577,0,0.5,modal,,,,1,0,0,FALSE,accept,16:42.0
81d4d3f7-a1f3-4672-a848-5c740602e9f9,2273f7fc-7690-416f-93f6-6e98063eba4d,audio,2,B,,,,,,,,,0.0326,0.2623,0.0302,0.00299532,0.955,,,,,,,,,,0,0,0,FALSE,accept,03:41.0
ed62e061-9c89-4bf5-9e6f-3de4fee83f6a,41deb8de-a342-4990-8780-097326571d46,audio,2,B,,,,,,,,,0.1163,0.3325,0.0485,0.00319053,0.9615,,,,,,,,,,0,0,0,FALSE,accept,25:20.9
82ab9177-2aff-4feb-9cf4-86790f28ac75,1e835ad5-0ac3-47f6-af1b-b2c214a606ec,video,1,B,,,,,,,,,,,,,,,,,,,,0,0.4755,4,0,0,0,FALSE,reject,21:15.2
6c8a48f4-a54a-43f7-84c2-6c653a78be65,59428832-71c2-4d48-b37a-ea2606dade7f,visual,1,B,,,,,,,,,,,,,,1,0.0004,5.2561,0,0.5,modal,,,,1,0,0,FALSE,accept,04:24.1
66cc9e11-ac89-453e-a881-303d3dcf0671,e256c216-d9da-497d-bc5c-5980e1bf5bd6,audio,1,B,,,,,,,,,0.137,0.3032,0.0376,0.00301258,0.9647,,,,,,,,,,0,0,0,FALSE,reject,24:23.2
0786b29e-7127-46bc-adf5-2d9790e0450f,8ee42934-6bb6-4b33-bb22-26bbfac7c2cb,visual,1,B,,,,,,,,,,,,,,1,0.0433,1074.2384,0,0.5,modal,,,,0,0,0,FALSE,reject,15:53.8
3351b00c-c305-4c85-8fb5-1d7a1658c885,4608aaf5-ae65-4930-a3e0-d95ea00124d8,audio,3,B,,,,,,,,,0.0588,0.388,0.0037,0.00304687,0.9367,,,,,,,,,,0,0,0,FALSE,accept,39:38.9
d09c1cc5-9bbe-418b-8281-5837681fd4dc,fb71933d-e434-4114-9e05-f02d95d5ae47,visual,2,B,,,,,,,,,,,,,,1,0.0003,4.7492,0.3333,0.5,modal,,,,1,0,0,FALSE,accept,25:47.3
2c587827-81f4-41a8-8725-cf03f2f657dc,c34afaf4-2391-4719-9760-fae2bb77b413,audio,2,B,,,,,,,,,0.0753,0.2596,0.0121,0.00297433,0.9741,,,,,,,,,,0,0,0,FALSE,accept,24:47.2
ae469173-1531-49a9-91ca-bd02d33bfba4,4b6f5128-9381-4d05-b44d-9221bf4f49e5,audio,1,B,,,,,,,,,0.069,0.2472,0.1155,0.00282081,0.9706,,,,,,,,,,2,0,0,FALSE,accept,39:16.1
2c9b562b-6947-46e9-91ac-6a2e2b6990f3,8e131e9a-7db3-4697-8892-828a74c3c344,script,1,B,57.39241085,0.8488,0.7009,0,0,0.3816,1,1.4352,,,,,,,,,,,,,,,0,0,0,FALSE,reject,37:23.4
bfd46a70-692d-4f7e-9c2f-1d28dd58ab9b,e256c216-d9da-497d-bc5c-5980e1bf5bd6,video,1,B,,,,,,,,,,,,,,,,,,,,0,0.382,4,1,0,0,FALSE,accept,32:09.3
8268e9bf-f811-47c5-ba56-7850b668ba59,4b6f5128-9381-4d05-b44d-9221bf4f49e5,script,2,B,47.558106060606065,0.8455,0.7492,0,0,0.3852,0,1.7059,,,,,,,,,,,,,,,0,0,0,FALSE,reject,38:07.9
50fc2fe5-d966-455b-9086-fc7d94a3c478,f2078b09-3303-4242-aa58-73c0926779df,video,1,B,,,,,,,,,,,,,,,,,,,,0,0.2156,4,1,0,0,FALSE,accept,48:02.5
56d0c2fb-5b61-4317-90e9-ea99251c1610,8e131e9a-7db3-4697-8892-828a74c3c344,video,1,B,,,,,,,,,,,,,,,,,,,,0,0.3195,4,2,0,0,FALSE,accept,47:53.6
ff641dc2-9d5f-47b1-8520-def565478866,79eeb0b1-6497-4ec3-8524-43d159ae58ab,audio,1,B,,,,,,,,,0.1084,0.2604,0.04,0.0030502,0.9533,,,,,,,,,,0,0,0,FALSE,reject,49:16.0
3bac7417-baae-464a-98b4-71b5308c816b,1462efca-0ce9-4b24-9d87-c78ae7a8449c,audio,2,B,,,,,,,,,0.075,0.2856,0.043,0.00303738,0.9519,,,,,,,,,,0,0,0,FALSE,accept,50:01.2
f92bae25-7325-4efa-8268-13ec744d7c73,5f473c90-0f98-4943-964d-e5b28e260bed,video,2,B,,,,,,,,,,,,,,,,,,,,0,0.5419,3.156,0,0,0,FALSE,accept,43:30.5
b3b34aeb-1690-42aa-93e3-c9d796b3d785,968f186a-3511-47cc-9209-875cadb895d5,script,1,B,52.31238451935084,0.8652,0.6036,0,0,0.3763,1,1.5847,,,,,,,,,,,,,,,0,0,0,FALSE,accept,38:51.2
96003e0d-7003-4589-9845-825aec169e4f,59e101c1-0ebe-40aa-aca8-7a92e234729b,script,1,B,55.009302325581444,0.7791,0.6265,0,0,0.3935,1,1.68,,,,,,,,,,,,,,,0,0,0,FALSE,accept,52:27.7
c20c2dab-59e9-4fb5-8ac1-4150517176b1,968f186a-3511-47cc-9209-875cadb895d5,audio,1,B,,,,,,,,,0.0769,0.2649,0.0302,0.00294282,0.9468,,,,,,,,,,0,0,0,FALSE,reject,39:22.9
b01c0fa5-b023-412d-b93a-a885c0757098,c34afaf4-2391-4719-9760-fae2bb77b413,video,1,B,,,,,,,,,,,,,,,,,,,,0,0.4734,4,1,0,0,FALSE,accept,31:53.3
b00b4f52-fcc9-4b6e-bf4b-2c30761171d1,461c79a0-995e-4579-bd43-5cbbdb994fdb,visual,1,B,,,,,,,,,,,,,,1,0.0261,867.9478,0,0.5,modal,,,,1,0,0,FALSE,reject,54:15.7
5a76d71d-cccb-4392-8b97-5c1f7ce6d370,59e101c1-0ebe-40aa-aca8-7a92e234729b,audio,1,B,,,,,,,,,0.0882,0.3299,0.0262,0.00322168,0.9451,,,,,,,,,,0,0,0,FALSE,reject,52:47.6
14b8c7c9-4898-4fdf-9e2a-ef990e91ccb4,9db1ca58-6276-42cf-b01d-434be5da37af,script,1,B,47.33590909090913,0.7652,0.6502,0,0,0.4423,1,1.2649,,,,,,,,,,,,,,,0,0,0,FALSE,reject,14:41.8
d1eb1b6a-2e7a-4fb5-bc1b-8ddb09663f87,2273f7fc-7690-416f-93f6-6e98063eba4d,visual,2,B,,,,,,,,,,,,,,1,0.0711,1616.4242,0,0.5,modal,,,,1,0,0,FALSE,accept,04:39.8
bee82fb4-8472-4a77-b0b6-fbf7e95eaf28,e0ec522b-da8b-4050-a6aa-edf44e9f480e,visual,1,B,,,,,,,,,,,,,,1,0.0201,297.9721,0,0.5,modal,,,,0,0,0,FALSE,accept,04:09.9
49199452-386f-4f85-9dce-8b1a7559ca84,ac15392d-090f-45b2-a6d9-44e5fe2a6bde,audio,2,B,,,,,,,,,0.1184,0.2806,0.05,0.00325143,0.9479,,,,,,,,,,2,0,0,FALSE,accept,53:55.9
613d3c68-0a88-4966-a016-9992a2bc3f12,461c79a0-995e-4579-bd43-5cbbdb994fdb,video,1,B,,,,,,,,,,,,,,,,,,,,0,0.434,4,1,0,0,FALSE,accept,00:37.8
19bc6025-d488-4f42-9889-12428b890db0,59428832-71c2-4d48-b37a-ea2606dade7f,video,1,B,,,,,,,,,,,,,,,,,,,,0,0.3646,4,1,0,0,FALSE,reject,11:13.7
8de67d5a-a98a-4977-84b8-6be464151828,fb71933d-e434-4114-9e05-f02d95d5ae47,audio,2,B,,,,,,,,,0.0563,0.2737,0.062,0.00291242,0.9794,,,,,,,,,,0,0,0,FALSE,accept,24:32.0
07a32be2-e971-4aa8-bafc-affe76d4a215,6c3610f0-86ca-42da-a58e-faae70d2ca2e,visual,1,B,,,,,,,,,,,,,,1,0.0261,326.4597,0,0.5,modal,,,,0,0,0,FALSE,accept,16:07.9
42158d97-db5e-4bf5-8a56-ebaf059db464,6c3610f0-86ca-42da-a58e-faae70d2ca2e,script,1,B,52.776020408163276,0.79,0.6282,0,0,0.4221,1,1.5461,,,,,,,,,,,,,,,0,0,0,FALSE,accept,14:57.3
b4c48cce-be78-4d97-9246-17a02869226b,98b9b09a-ed44-42ff-ad85-44744f5dade8,script,1,B,37.480136986301375,0.8493,0.7334,0,0,0.3996,1,1.3024,,,,,,,,,,,,,,,0,0,0,FALSE,reject,02:44.5
2df517e4-25fd-43fb-a557-7746c03cfb7e,dcf172a8-519d-4d06-a9d5-a518e458b3d3,audio,2,B,,,,,,,,,0.1325,0.3984,0.0287,0.00346339,0.981,,,,,,,,,,0,0,0,FALSE,reject,25:08.9
cc318b9b-ba96-48e7-982a-acc3685583ca,9db1ca58-6276-42cf-b01d-434be5da37af,video,1,B,,,,,,,,,,,,,,,,,,,,0,0.1641,2.736,1,0,0,FALSE,accept,21:18.5
541d5e6e-a983-41e9-88a0-6b3b5b093f3d,59428832-71c2-4d48-b37a-ea2606dade7f,audio,1,B,,,,,,,,,0.1,0.2782,0.0379,0.00302371,0.9348,,,,,,,,,,0,0,0,FALSE,reject,02:57.7
2ee58251-528a-432f-8209-2f02516a92ba,fb71933d-e434-4114-9e05-f02d95d5ae47,video,1,B,,,,,,,,,,,,,,,,,,,,0,0.2665,4,1,0,0,FALSE,reject,32:41.0
e8dfde83-9160-4dc8-ac69-e9182b09c13a,6c3610f0-86ca-42da-a58e-faae70d2ca2e,audio,1,B,,,,,,,,,0.0875,0.2116,0.0776,0.00270276,0.9429,,,,,,,,,,0,0,0,FALSE,accept,15:36.2
c38a0ebc-3952-4ee6-b45b-e9e79069d4fb,dcf172a8-519d-4d06-a9d5-a518e458b3d3,script,1,B,86.70433333333332,0.82,0.6815,0,0.1667,0.4223,1,1.9514,,,,,,,,,,,,,,,0,0,0,FALSE,accept,23:42.8
c9a39827-91d6-4631-a487-f1fccccb1df9,dcf172a8-519d-4d06-a9d5-a518e458b3d3,visual,2,B,,,,,,,,,,,,,,1,0.0152,151.4691,0.5,0.5,modal,,,,3,0,0,FALSE,reject,27:11.4
a3d705b7-2598-4fc6-ba04-8d66d2557e64,4b6f5128-9381-4d05-b44d-9221bf4f49e5,script,1,B,38.17508928571431,0.8681,0.6909,0,0,0.3644,0,1.7059,,,,,,,,,,,,,,,0,0,0,FALSE,reject,37:32.1
d7482e42-232a-4c72-9a25-7171f9aabaf3,f2078b09-3303-4242-aa58-73c0926779df,script,1,B,57.426909090909106,0.8586,0.5798,0,0,0.4914,1,1.0275,,,,,,,,,,,,,,,0,0,0,FALSE,accept,37:49.2
f0ca5022-b805-46b5-a964-19264a6f08d7,30cb51d7-75c7-4ddd-9485-9f65d754cb7f,audio,1,B,,,,,,,,,0.0959,0.3606,0.0352,0.00341819,0.9451,,,,,,,,,,0,0,0,FALSE,reject,38:39.1
a2dd8a56-1992-46e7-8e61-80f4d74596b6,f2078b09-3303-4242-aa58-73c0926779df,audio,1,B,,,,,,,,,0.1279,0.3171,0.0267,0.00306293,0.9808,,,,,,,,,,0,0,0,FALSE,reject,38:19.0
0ecc0669-0685-414f-9bda-560b31b400ab,8e131e9a-7db3-4697-8892-828a74c3c344,audio,1,B,,,,,,,,,0.0759,0.3348,0.0662,0.00311719,0.9515,,,,,,,,,,1,0,0,FALSE,reject,38:58.3
33477ac8-d649-4c32-81ea-c17043770e96,f2078b09-3303-4242-aa58-73c0926779df,audio,2,B,,,,,,,,,0.1279,0.3171,0.0267,0.00306293,0.9808,,,,,,,,,,0,0,0,FALSE,accept,39:01.3
60cf8c16-1dd7-48f6-844e-45bec15e6557,30cb51d7-75c7-4ddd-9485-9f65d754cb7f,audio,2,B,,,,,,,,,0.0959,0.3606,0.0352,0.00341819,0.9451,,,,,,,,,,0,0,0,FALSE,accept,39:23.5
3e305ad0-63a3-4b8a-aa6c-ba781446cd1d,636204a0-2285-4293-8b09-712a10010587,audio,1,B,,,,,,,,,0.039,0.2056,0.0443,0.00258615,0.9588,,,,,,,,,,0,0,0,FALSE,accept,39:00.0
234e3b4e-d493-40ab-89f5-12f160bdbdf3,fc77190f-0f64-4d8c-842d-c2dd255c8e36,script,2,B,37.85287878787881,0.8333,0.6747,0,0.1429,0.425,1,1.4423,,,,,,,,,,,,,,,0,0,0,FALSE,reject,39:14.9
cf34839a-2f1f-4e20-b86d-1ad46906f7fd,2273f7fc-7690-416f-93f6-6e98063eba4d,audio,1,B,,,,,,,,,0.0326,0.2623,0.0302,0.00299532,0.955,,,,,,,,,,0,0,0,FALSE,reject,03:00.6
634ba942-c538-4f57-af7d-71935db55915,32796328-62cf-48b6-8636-93f4aabdd48d,audio,1,B,,,,,,,,,0.0779,0.351,0.1097,0.0030402,0.9545,,,,,,,,,,0,0,0,FALSE,reject,39:04.0
2d079686-6d40-41fd-a2c4-87e465ff1025,fc77190f-0f64-4d8c-842d-c2dd255c8e36,script,3,B,26.514603174603195,0.7768,0.672,0,0,0.4136,1,1.4423,,,,,,,,,,,,,,,0,0,0,FALSE,accept,39:39.9
4190753f-145e-4aaf-ade9-b7729583b9fd,461c79a0-995e-4579-bd43-5cbbdb994fdb,script,1,B,46.132307692307705,0.7863,0.6979,0,0,0.4143,1,1.6868,,,,,,,,,,,,,,,0,0,0,FALSE,reject,52:42.9
bcb61e77-ce22-4518-b5f8-ccc9fbbd5ec8,98b9b09a-ed44-42ff-ad85-44744f5dade8,audio,1,B,,,,,,,,,0.1327,0.2328,0.0217,0.00275101,0.976,,,,,,,,,,2,0,0,FALSE,accept,03:52.1
16ff0fab-839b-40af-88fb-f242e14d55d3,ac15392d-090f-45b2-a6d9-44e5fe2a6bde,video,1,B,,,,,,,,,,,,,,,,,,,,0,0.3172,4,3,0,0,FALSE,accept,00:38.8
dcc622af-fc7a-4642-93c0-9d3782223a10,32796328-62cf-48b6-8636-93f4aabdd48d,audio,2,B,,,,,,,,,0.0779,0.351,0.1097,0.0030402,0.9545,,,,,,,,,,0,0,0,FALSE,accept,39:50.0
8e887344-7103-462f-84e8-a3acc14e15db,4608aaf5-ae65-4930-a3e0-d95ea00124d8,script,1,B,63.13756756756757,0.9054,0.6421,0,0.25,0.3447,1,1.6876,,,,,,,,,,,,,,,0,0,0,FALSE,accept,37:39.4
b9a5ba93-0f49-4734-9050-4b3c99335fe4,461c79a0-995e-4579-bd43-5cbbdb994fdb,script,2,B,40.65213696369639,0.802,0.6548,0,0,0.3615,1,1.6868,,,,,,,,,,,,,,,0,0,0,FALSE,accept,53:05.9
f7cecbe0-cbee-40dc-b470-e4ea78e438a9,fc77190f-0f64-4d8c-842d-c2dd255c8e36,audio,1,B,,,,,,,,,0.0341,0.1983,0.0138,0.00268963,0.9573,,,,,,,,,,2,0,0,FALSE,accept,40:00.6
475f90ee-60af-4ba1-ad5c-31114d95bb7b,e0ec522b-da8b-4050-a6aa-edf44e9f480e,script,1,B,54.64642857142857,0.6786,0.6186,0,0,0.5512,1,1.1811,,,,,,,,,,,,,,,0,0,0,FALSE,accept,02:37.1
15fa7c08-bfaa-43ab-907e-d9eaf099c62d,f053faad-7027-480d-9d76-b119c7e332ca,script,1,B,61.82000000000002,0.8558,0.7017,0,0,0.4415,1,1.1989,,,,,,,,,,,,,,,0,0,0,FALSE,accept,53:42.7
8abdbf22-919e-4bb5-a4d5-ad36fe4489a4,8ee42934-6bb6-4b33-bb22-26bbfac7c2cb,script,1,B,61.488333333333344,0.6667,0.7007,0,0,0.5645,1,1.436,,,,,,,,,,,,,,,0,0,0,FALSE,accept,14:49.1
99d3e3a4-49de-47b8-9860-c411a37250eb,fc77190f-0f64-4d8c-842d-c2dd255c8e36,visual,1,B,,,,,,,,,,,,,,1,0.0544,1658.2742,0,0.5,modal,,,,2,0,0,FALSE,accept,40:36.7
70ed2478-c02c-41dc-9b14-51c1d9ad7c03,c34afaf4-2391-4719-9760-fae2bb77b413,visual,1,B,,,,,,,,,,,,,,1,0.0219,333.7634,0.1667,0.5,modal,,,,1,0,0,FALSE,reject,26:12.3
891d8242-497a-4641-84df-60900440a8c6,fb71933d-e434-4114-9e05-f02d95d5ae47,audio,1,B,,,,,,,,,0.0563,0.2737,0.062,0.00291242,0.9794,,,,,,,,,,0,0,0,FALSE,reject,24:05.4
75efd042-a2c8-4502-a7b2-400b5831effc,f053faad-7027-480d-9d76-b119c7e332ca,audio,2,B,,,,,,,,,0.1111,0.3232,0.0934,0.0030187,0.9817,,,,,,,,,,0,0,0,FALSE,accept,55:08.3
e8e3ee4b-1a02-4b9c-801c-dda6b46e924a,6c3610f0-86ca-42da-a58e-faae70d2ca2e,video,1,B,,,,,,,,,,,,,,,,,,,,0,0.3299,4,0,0,0,FALSE,reject,21:25.1
7ed97bfb-79a0-4a66-a4ef-ff8718173631,27eaac50-869e-4557-8343-aa7c364c5075,visual,1,B,,,,,,,,,,,,,,1,0.0001,2.9016,0,0.5,modal,,,,0,0,0,FALSE,accept,16:23.4
00cd17b9-da8f-44f6-9f39-14788a63781a,30cb51d7-75c7-4ddd-9485-9f65d754cb7f,video,1,B,,,,,,,,,,,,,,,,,,,,0,0.3459,4,1,0,0,FALSE,accept,48:05.5
8528ef46-c6e2-41e8-b208-9f8a180cbb3a,e256c216-d9da-497d-bc5c-5980e1bf5bd6,audio,2,B,,,,,,,,,0.137,0.3032,0.0376,0.00301258,0.9647,,,,,,,,,,0,0,0,FALSE,accept,25:34.6
0e723a14-367a-491e-9e7b-51efcda1b312,8e131e9a-7db3-4697-8892-828a74c3c344,script,2,B,66.46624149659866,0.7959,0.6397,0,0,0.4724,0,1.4352,,,,,,,,,,,,,,,0,0,0,FALSE,accept,38:06.4
1f69d14a-0ef4-4f6e-a26c-63559efa6a4b,f2078b09-3303-4242-aa58-73c0926779df,visual,2,B,,,,,,,,,,,,,,1,0.0163,386.4462,0,0.5,modal,,,,1,0,0,FALSE,reject,40:05.3
ed44581a-e679-4573-bbb7-6f0afddbc345,4608aaf5-ae65-4930-a3e0-d95ea00124d8,video,1,B,,,,,,,,,,,,,,,,,,,,0,0.4317,4,2,0,0,FALSE,accept,48:02.8
b15a3780-d4c3-40ab-836b-808c1c325bc7,1462efca-0ce9-4b24-9d87-c78ae7a8449c,script,1,B,66.95454545,0.798,0.6903,0,0,0.408,0,1.8838,,,,,,,,,,,,,,,0,0,0,FALSE,accept,49:03.4
7908c3ab-b4ef-4cc9-a4ed-055342e76a38,79eeb0b1-6497-4ec3-8524-43d159ae58ab,audio,2,B,,,,,,,,,0.1084,0.2604,0.04,0.0030502,0.9533,,,,,,,,,,0,0,0,FALSE,accept,49:44.5
8efad619-9745-4b06-8e92-b0eb2bac9de8,1538f6fc-baa7-415a-9cca-57cac7ea864f,script,3,B,51.44878623188407,0.7652,0.5774,0,0,0.3266,0,1.5089,,,,,,,,,,,,,,,0,0,0,FALSE,accept,49:53.6
d12f193d-8276-4596-abc5-96c2f9bace99,a2a2ffd9-af0d-492c-86d5-6f933f288f5e,audio,1,B,,,,,,,,,0.0556,0.2648,0.0203,0.00290049,0.9438,,,,,,,,,,1,0,0,FALSE,accept,50:21.8
7b0a66a1-df3d-4d64-816e-f853e7bf85f3,968f186a-3511-47cc-9209-875cadb895d5,audio,2,B,,,,,,,,,0.0769,0.2649,0.0302,0.00294282,0.9468,,,,,,,,,,0,0,0,FALSE,accept,40:11.0
63219d75-0e5c-4d19-85ce-f5aa8fb2d7bd,6c3610f0-86ca-42da-a58e-faae70d2ca2e,video,2,B,,,,,,,,,,,,,,,,,,,,0,0.3299,4,0,0,0,FALSE,accept,21:56.7
ca0ae73d-e713-4e3c-b01c-dc1fd7ccecdd,ac15392d-090f-45b2-a6d9-44e5fe2a6bde,script,3,B,50.62059940059942,0.8242,0.609,0,0,0.3728,1,1.7034,,,,,,,,,,,,,,,0,0,0,FALSE,accept,52:56.0
f07e2d9b-60a2-49e2-bd02-c75b7e6f75a9,636204a0-2285-4293-8b09-712a10010587,visual,1,B,,,,,,,,,,,,,,1,0.0005,25.6518,0,0.5,modal,,,,0,0,0,FALSE,accept,39:32.2
942cf1da-1903-4e6c-a3a2-e0b8acf21e02,793b8bf7-caee-4e77-94a4-30df7bd297c7,audio,1,B,,,,,,,,,0.0923,0.2703,0.0198,0.00319704,0.9318,,,,,,,,,,0,0,0,FALSE,reject,03:01.6
2f88278b-4fae-4573-b28a-28251ce4e130,1e835ad5-0ac3-47f6-af1b-b2c214a606ec,visual,1,B,,,,,,,,,,,,,,1,0.0071,204.4188,0,0.5,modal,,,,0,0,0,FALSE,accept,15:41.9
3e8028da-13bf-459e-901d-545682cad83c,461c79a0-995e-4579-bd43-5cbbdb994fdb,audio,1,B,,,,,,,,,0.0854,0.1781,0.0362,0.00266868,0.9528,,,,,,,,,,1,0,0,FALSE,accept,53:28.5
29038338-2e2b-48a8-9da7-4742f5987f0b,41deb8de-a342-4990-8780-097326571d46,audio,1,B,,,,,,,,,0.1163,0.3325,0.0485,0.00319053,0.9615,,,,,,,,,,0,0,0,FALSE,reject,24:19.5
4ee96a19-acba-4d24-accb-e4e73d438ca3,59e101c1-0ebe-40aa-aca8-7a92e234729b,visual,1,B,,,,,,,,,,,,,,1,0.0035,62.1112,0,0.5,modal,,,,1,0,0,FALSE,accept,54:03.8
fe246d53-39f9-4051-883d-12c0630a4056,78daf418-5487-4635-8096-a8050ffd4c4a,visual,2,B,,,,,,,,,,,,,,1,0.0257,290.2431,0,0.5,modal,,,,1,0,0,FALSE,accept,54:52.9
29c0447b-f97a-4c78-b326-584e3f504caf,f053faad-7027-480d-9d76-b119c7e332ca,audio,1,B,,,,,,,,,0.1111,0.3232,0.0934,0.0030187,0.9817,,,,,,,,,,0,0,0,FALSE,reject,54:09.5
8b940183-08fd-47a2-b09c-fbaf15ebae41,98b9b09a-ed44-42ff-ad85-44744f5dade8,visual,1,B,,,,,,,,,,,,,,1,0.031,244.1607,0,0.5,modal,,,,2,0,0,FALSE,accept,04:58.5
db80c2ea-8e31-460b-9292-d182ff78cb27,2273f7fc-7690-416f-93f6-6e98063eba4d,video,1,B,,,,,,,,,,,,,,,,,,,,0,0.3783,4,1,0,0,FALSE,accept,11:21.5
93d01e47-ff63-4015-8365-81f84379d6b1,59e101c1-0ebe-40aa-aca8-7a92e234729b,video,1,B,,,,,,,,,,,,,,,,,,,,0,0.2894,4,1,0,0,FALSE,accept,00:44.8
5bf56390-5643-4ef3-a9cb-ff441d872261,1e835ad5-0ac3-47f6-af1b-b2c214a606ec,audio,1,B,,,,,,,,,0.0741,0.225,0.0546,0.00252894,0.9533,,,,,,,,,,0,0,0,FALSE,accept,15:09.8
cea24cee-51be-48ea-bff7-1b092437945b,41deb8de-a342-4990-8780-097326571d46,video,1,B,,,,,,,,,,,,,,,,,,,,0,0.3649,4,1,0,0,FALSE,accept,31:44.8
e84d2bf2-69a4-4c77-ad6a-ad73c7676085,9db1ca58-6276-42cf-b01d-434be5da37af,script,2,B,61.077608695652174,0.8152,0.4864,0,0,0.3641,0,1.2649,,,,,,,,,,,,,,,0,0,0,FALSE,accept,15:17.1
accac8f7-b738-42c4-a3fd-ec5a8de7a97e,98b9b09a-ed44-42ff-ad85-44744f5dade8,script,2,B,33.66168763102726,0.8302,0.6919,0,0,0.3924,1,1.3024,,,,,,,,,,,,,,,0,0,0,FALSE,reject,03:10.9
32e40ad8-34bb-45f0-8bc0-1545c4429570,98b9b09a-ed44-42ff-ad85-44744f5dade8,video,1,B,,,,,,,,,,,,,,,,,,,,0,0.3828,4,2,0,0,FALSE,accept,11:29.5
db8cd6ec-9269-4f59-ac5d-7a570b3cf83c,4608aaf5-ae65-4930-a3e0-d95ea00124d8,audio,1,B,,,,,,,,,0.0588,0.388,0.0037,0.00304687,0.9367,,,,,,,,,,0,0,0,FALSE,reject,38:16.5
d542adce-b6e1-43cb-af0c-eacc4098b171,c34afaf4-2391-4719-9760-fae2bb77b413,audio,1,B,,,,,,,,,0.0753,0.2596,0.0121,0.00297433,0.9741,,,,,,,,,,0,0,0,FALSE,reject,24:08.5
61973ce3-b113-46da-98da-fd3f5779be2a,1e835ad5-0ac3-47f6-af1b-b2c214a606ec,video,2,B,,,,,,,,,,,,,,,,,,,,0,0.4755,4,0,0,0,FALSE,reject,21:40.8
6b5ef7c6-0528-4dd3-9712-9c3ca0cac9d7,9db1ca58-6276-42cf-b01d-434be5da37af,audio,1,B,,,,,,,,,0.0395,0.2403,0.0293,0.00271875,0.9691,,,,,,,,,,1,0,0,FALSE,accept,15:44.7
368af62d-51da-4776-be6a-d2f76c0dedee,dcf172a8-519d-4d06-a9d5-a518e458b3d3,audio,3,B,,,,,,,,,0.1325,0.3984,0.0287,0.00346339,0.981,,,,,,,,,,0,0,0,FALSE,reject,26:19.1
c1fa3998-b161-43cd-bc42-b83ef3baf768,4b6f5128-9381-4d05-b44d-9221bf4f49e5,video,1,B,,,,,,,,,,,,,,,,,,,,0,0.3052,4,2,0,0,FALSE,accept,47:55.8
8defe8d6-7059-4b51-a2ff-305a029e19ab,4b6f5128-9381-4d05-b44d-9221bf4f49e5,visual,2,B,,,,,,,,,,,,,,1,0.002,100.5634,0,0.5,modal,,,,2,0,0,FALSE,reject,40:22.2
356a9300-0808-48de-9b0e-0abd845e01cc,30cb51d7-75c7-4ddd-9485-9f65d754cb7f,script,1,B,64.27845736434111,0.8372,0.8714,0,0,0.4858,1,1.494,,,,,,,,,,,,,,,0,0,0,FALSE,accept,37:57.2
a66a9e7f-33bf-41e7-991f-0fb391231e40,79eeb0b1-6497-4ec3-8524-43d159ae58ab,script,1,B,61.39965240641712,0.8039,0.6814,0,0.5,0.5211,0,1.3975,,,,,,,,,,,,,,,0,0,0,FALSE,accept,48:41.5
7cfd87d9-15a1-4098-8301-027079ae4f38,b6c5ba7d-ced6-4f4c-a9b4-da8596d6c629,script,1,B,31.276818181818214,0.8523,0.6258,0,0.2,0.4075,1,1.2863,,,,,,,,,,,,,,,0,0,0,FALSE,reject,22:11.0
c5311235-b7fa-4bb8-afe1-c016b679d5a8,a2a2ffd9-af0d-492c-86d5-6f933f288f5e,script,1,B,45.71161235955057,0.8315,0.6167,0,0,0.453,0,1.5847,,,,,,,,,,,,,,,0,0,0,FALSE,reject,49:11.1
59d06955-dbe7-48fe-8171-8bb73113089e,1462efca-0ce9-4b24-9d87-c78ae7a8449c,audio,1,B,,,,,,,,,0.075,0.2856,0.043,0.00303738,0.9519,,,,,,,,,,0,0,0,FALSE,reject,49:27.5
b7784ddd-3882-4ae0-8289-e08bb806d41a,fc77190f-0f64-4d8c-842d-c2dd255c8e36,video,1,B,,,,,,,,,,,,,,,,,,,,0,0.2816,4,2,0,0,FALSE,accept,47:09.3
fa7129ca-9320-4b08-9fc4-928ae6c9352c,636204a0-2285-4293-8b09-712a10010587,video,1,B,,,,,,,,,,,,,,,,,,,,0,0.1883,4,0,0,0,FALSE,accept,45:48.1
fd6497bd-a9da-4cb1-afba-92635082783b,968f186a-3511-47cc-9209-875cadb895d5,visual,1,B,,,,,,,,,,,,,,1,0.0421,676.0033,0,0.5,modal,,,,1,0,0,FALSE,accept,40:49.1
da11967f-c34f-4614-b496-e33780976e17,78daf418-5487-4635-8096-a8050ffd4c4a,script,1,B,34.035979381443326,0.8163,0.6973,0,0,0.3753,1,1.3024,,,,,,,,,,,,,,,0,0,0,FALSE,reject,53:11.5
d350d40b-fc58-4ae9-abce-b6e9262e774d,8ee42934-6bb6-4b33-bb22-26bbfac7c2cb,video,1,B,,,,,,,,,,,,,,,,,,,,0,0.4246,4,0,0,0,FALSE,accept,22:27.3
420fb34f-9c07-4fd7-a7e4-72fb46ca38e0,32796328-62cf-48b6-8636-93f4aabdd48d,video,1,B,,,,,,,,,,,,,,,,,,,,0,0.3424,4,1,0,0,FALSE,accept,47:07.8
673860e9-01bb-4636-b230-6130dfd2e960,78daf418-5487-4635-8096-a8050ffd4c4a,video,1,B,,,,,,,,,,,,,,,,,,,,0,0.3744,4,1,0,0,FALSE,accept,00:46.3
401211ac-7c7b-4f37-9eb3-69c4b415e729,59428832-71c2-4d48-b37a-ea2606dade7f,audio,2,B,,,,,,,,,0.1,0.2782,0.0379,0.00302371,0.9348,,,,,,,,,,0,0,0,FALSE,accept,03:27.8
1443b2b3-3f9b-4e03-8bde-f0bfde1e1d65,e256c216-d9da-497d-bc5c-5980e1bf5bd6,script,1,B,68.32318181818184,0.9,0.7575,0,0,0.4493,0,1.6045,,,,,,,,,,,,,,,0,0,0,FALSE,accept,23:58.7
c77c7d97-420e-452c-ad2c-19ce44dd8c32,8ee42934-6bb6-4b33-bb22-26bbfac7c2cb,audio,1,B,,,,,,,,,0.0548,0.2342,0.013,0.00267175,0.9558,,,,,,,,,,0,0,0,FALSE,accept,15:20.8
a0d12d0a-5722-4f7a-a892-052c97a47d13,793b8bf7-caee-4e77-94a4-30df7bd297c7,script,1,B,66.43612804878049,0.7711,0.596,0,0,0.4505,1,1.114,,,,,,,,,,,,,,,0,0,0,FALSE,accept,02:22.5
659a0ffb-a68d-40bf-bb99-a4eb0b340134,793b8bf7-caee-4e77-94a4-30df7bd297c7,audio,2,B,,,,,,,,,0.0923,0.2703,0.0198,0.00319704,0.9318,,,,,,,,,,0,0,0,FALSE,accept,03:55.9
12bb5d3e-6ee5-47a4-b0c8-fbdf5898e1f7,8e131e9a-7db3-4697-8892-828a74c3c344,audio,2,B,,,,,,,,,0.0759,0.3348,0.0662,0.00311719,0.9515,,,,,,,,,,1,0,0,FALSE,accept,39:54.1
339a1b85-113f-40b2-9aff-a5f1d79e2c61,a2a2ffd9-af0d-492c-86d5-6f933f288f5e,script,2,B,41.25452380952382,0.8452,0.6575,0,0,0.4689,1,1.5847,,,,,,,,,,,,,,,0,0,0,FALSE,accept,49:40.8
7a54ea6e-efdb-4eef-b77f-06b30ed6674e,4aff0b34-c97c-4b6c-a3cb-48c2d4f02afe,script,3,B,52.14243103,0.8391,0.7589,0,0,0.4443,0,1.7341,,,,,,,,,,,,,,,0,0,0,FALSE,accept,50:13.7
a6ca3413-70c7-41fa-b0eb-86f72e2b86fc,793b8bf7-caee-4e77-94a4-30df7bd297c7,video,1,B,,,,,,,,,,,,,,,,,,,,0,0.4643,2.232,1,0,0,FALSE,accept,11:21.1
8d5bf79e-c5a4-4915-a0b0-47887585725b,27eaac50-869e-4557-8343-aa7c364c5075,audio,1,B,,,,,,,,,0.0112,0.2438,0.042,0.002941,0.9554,,,,,,,,,,0,0,0,FALSE,accept,15:39.6
927340ce-60de-4644-b4b6-c1f9ba5328b8,41deb8de-a342-4990-8780-097326571d46,visual,2,B,,,,,,,,,,,,,,1,0.0064,122.075,0,0.5,modal,,,,1,0,0,FALSE,accept,26:35.7
37f66718-a35c-4e86-9aaf-94224adada93,1538f6fc-baa7-415a-9cca-57cac7ea864f,script,1,B,41.52504685408303,0.8554,0.7534,0,0,0.3882,1,1.5089,,,,,,,,,,,,,,,0,0,0,FALSE,reject,48:48.6
0a7505ae-5332-4f22-baa7-f31ead566b65,4608aaf5-ae65-4930-a3e0-d95ea00124d8,audio,2,B,,,,,,,,,0.0588,0.388,0.0037,0.00304687,0.9367,,,,,,,,,,0,0,0,FALSE,reject,38:47.9
ed74a6f0-2de8-432b-8703-7e484ea815d7,1538f6fc-baa7-415a-9cca-57cac7ea864f,script,2,B,27.409670542635666,0.8488,0.7707,0,0.5,0.5012,0,1.5089,,,,,,,,,,,,,,,0,0,0,FALSE,reject,49:21.8
50c6e9f8-8026-43d4-bf03-7f1d943ff026,27eaac50-869e-4557-8343-aa7c364c5075,video,1,B,,,,,,,,,,,,,,,,,,,,0,0.1378,4,0,0,0,FALSE,accept,22:22.1
ea89cfbf-3b7c-4051-985e-aab752a54440,8e131e9a-7db3-4697-8892-828a74c3c344,visual,1,B,,,,,,,,,,,,,,1,0.005,105.297,0,0.5,modal,,,,2,0,0,FALSE,accept,41:06.1
08d6391c-5bab-4c62-818c-0793eff58b02,30cb51d7-75c7-4ddd-9485-9f65d754cb7f,visual,1,B,,,,,,,,,,,,,,1,0.0047,72.9158,0.3333,0.5,modal,,,,1,0,0,FALSE,reject,40:37.8
203c350f-7787-4153-833d-315b49b8a53d,1538f6fc-baa7-415a-9cca-57cac7ea864f,audio,1,B,,,,,,,,,0.0337,0.2578,0.0289,0.00270671,0.9583,,,,,,,,,,2,0,0,FALSE,accept,50:25.0
b7fa951a-206d-481f-9324-723ca245718b,4aff0b34-c97c-4b6c-a3cb-48c2d4f02afe,audio,1,B,,,,,,,,,0.0541,0.2574,0.0106,0.0026557,0.9565,,,,,,,,,,2,0,0,FALSE,accept,50:33.2
e6fd7f83-bd0a-492b-9273-3302fab7b289,0047572b-3652-4a21-b6cc-5fa5184697bd,script,1,B,60.174935064935084,0.7905,0.7526,0,0,0.3978,1,1.6868,,,,,,,,,,,,,,,0,0,0,FALSE,accept,55:40.9
191fd76b-5389-4292-bf36-ab0d159aceff,0fab3104-fdc2-4122-a573-4e6dad89dcaa,script,1,B,44.71785088,0.8,0.7391,0,0,0.4545,0,0.9685,,,,,,,,,,,,,,,0,0,0,FALSE,accept,22:20.8
ca2abfca-20c1-4442-a974-c30ebf6eadf2,0047572b-3652-4a21-b6cc-5fa5184697bd,audio,1,B,,,,,,,,,0.1429,0.2371,0.0319,0.00271922,0.9545,,,,,,,,,,0,0,0,FALSE,accept,56:36.0
cfd0c241-3a88-49d4-8625-6c1c4361226f,5f473c90-0f98-4943-964d-e5b28e260bed,script,1,B,60.69340579710146,0.8152,0.7166,0,0,0.4289,0,1.4129,,,,,,,,,,,,,,,0,0,0,FALSE,accept,23:34.5
85597561-58d9-47de-b792-a719e41828a5,968f186a-3511-47cc-9209-875cadb895d5,video,1,B,,,,,,,,,,,,,,,,,,,,0,0.3866,4,1,0,0,FALSE,accept,47:12.9
48581fe8-5449-4df2-85ad-53d3ec6a6dba,1462efca-0ce9-4b24-9d87-c78ae7a8449c,video,1,B,,,,,,,,,,,,,,,,,,,,0,0.2797,4,1,0,0,FALSE,accept,56:47.9
276f07e5-d2fb-4dec-8de3-4d839f5ffb8a,27eaac50-869e-4557-8343-aa7c364c5075,script,1,B,58.400668224299096,0.8224,0.6269,0,0,0.4705,1,1.8074,,,,,,,,,,,,,,,0,0,0,FALSE,accept,15:04.7
bf42b93c-8ab2-44d3-8e7e-d4b0c0665e64,f053faad-7027-480d-9d76-b119c7e332ca,visual,1,B,,,,,,,,,,,,,,1,0.0582,547.1597,0.0555,0.5,modal,,,,1,0,0,FALSE,accept,55:31.2
32a7763a-00b7-4035-ab67-412acfb48567,ac15392d-090f-45b2-a6d9-44e5fe2a6bde,audio,1,B,,,,,,,,,0.1184,0.2806,0.05,0.00325143,0.9479,,,,,,,,,,2,0,0,FALSE,reject,53:17.8
aee9c6ad-d7aa-4863-848c-1c5233a7ffaf,59e101c1-0ebe-40aa-aca8-7a92e234729b,audio,2,B,,,,,,,,,0.0882,0.3299,0.0262,0.00322168,0.9451,,,,,,,,,,0,0,0,FALSE,accept,53:26.2
ec5aaf93-df82-4d68-9ba6-86a8de1b69dc,793b8bf7-caee-4e77-94a4-30df7bd297c7,visual,1,B,,,,,,,,,,,,,,1,0.0156,162.2881,0,0.5,modal,,,,1,0,0,FALSE,accept,05:11.4
5a6ab8c8-c8ad-4463-a9de-c7d4ff2d3ad3,e256c216-d9da-497d-bc5c-5980e1bf5bd6,visual,2,B,,,,,,,,,,,,,,1,0.007,119.4253,0,0.5,modal,,,,1,0,0,FALSE,accept,26:54.7
45832393-e549-4dbf-a123-1effdfdc23b0,f053faad-7027-480d-9d76-b119c7e332ca,video,1,B,,,,,,,,,,,,,,,,,,,,0,0.3754,4,1,0,0,FALSE,reject,00:52.5
8f45862e-f15d-4432-a118-c38d13121ac1,4aff0b34-c97c-4b6c-a3cb-48c2d4f02afe,script,1,B,50.010454545454564,0.8889,0.7789,0,0,0.3872,0,1.7341,,,,,,,,,,,,,,,0,0,0,FALSE,reject,48:56.0
4c6e1514-bac9-40f5-b76c-f880de88d4fc,4aff0b34-c97c-4b6c-a3cb-48c2d4f02afe,script,2,B,46.69355263157897,0.8632,0.793,0,0,0.463,0,1.7341,,,,,,,,,,,,,,,0,0,0,FALSE,reject,49:26.7
736d2596-64b8-42ea-a500-f25b01b44836,e0ec522b-da8b-4050-a6aa-edf44e9f480e,video,1,B,,,,,,,,,,,,,,,,,,,,0,0.4034,1.176,0,0,0,FALSE,accept,11:22.2
49122cd2-dd6d-4d68-8d1a-990b8d7ff0ee,59428832-71c2-4d48-b37a-ea2606dade7f,script,1,B,50.333052325581434,0.7931,0.7536,0,0,0.5263,1,1.6704,,,,,,,,,,,,,,,0,0,0,FALSE,accept,02:14.0
faa18620-8500-4ee0-af5d-8714dced2906,fb71933d-e434-4114-9e05-f02d95d5ae47,script,1,B,56.520724637681184,0.7609,0.6646,0,0,0.3162,1,1.7844,,,,,,,,,,,,,,,0,0,0,FALSE,accept,23:26.1
2a2f34fe-23e8-45bc-8ecb-41391b1b05c2,79eeb0b1-6497-4ec3-8524-43d159ae58ab,visual,1,B,,,,,,,,,,,,,,1,0.0251,706.1794,0,0.5,modal,,,,1,0,0,FALSE,accept,50:30.2
684cfc32-c4b1-47b9-a593-19715929c5cd,4b6f5128-9381-4d05-b44d-9221bf4f49e5,script,3,B,46.12784442361763,0.8866,0.7726,0,0,0.382,0,1.7059,,,,,,,,,,,,,,,0,0,0,FALSE,accept,38:55.4
4983b1f9-01b2-4a4b-8185-89848df7bbff,41deb8de-a342-4990-8780-097326571d46,script,1,B,65.53650568,0.8586,0.7962,0,0,0.3692,1,1.9313,,,,,,,,,,,,,,,0,0,0,FALSE,accept,23:50.6
d1cf08b4-e3b0-43a5-a932-2cded34a4a6d,f210b2ce-bb82-4b38-b318-bdffd94b52c4,script,2,B,26.209593446601957,0.835,0.7391,0,0,0.4525,1,1.4166,,,,,,,,,,,,,,,0,0,0,FALSE,accept,22:48.0
4e72d706-aa92-44ca-8e07-62b7cea1bb00,4aff0b34-c97c-4b6c-a3cb-48c2d4f02afe,video,1,B,,,,,,,,,,,,,,,,,,,,0,0.3927,4,2,0,0,FALSE,accept,57:08.6
59bc0027-ecbd-4c23-bb26-162e3af27059,79eeb0b1-6497-4ec3-8524-43d159ae58ab,video,1,B,,,,,,,,,,,,,,,,,,,,0,0.4818,4,1,0,0,FALSE,accept,56:29.7
1129cd33-d650-4aab-b2ca-0cd382827160,dcf172a8-519d-4d06-a9d5-a518e458b3d3,audio,1,B,,,,,,,,,0.1325,0.3984,0.0287,0.00346339,0.981,,,,,,,,,,0,0,0,FALSE,reject,24:13.5
dcee527e-9710-4820-b0d0-16665a3f51d9,4608aaf5-ae65-4930-a3e0-d95ea00124d8,visual,1,B,,,,,,,,,,,,,,1,0.0001,6.6384,0.1667,0.5,modal,,,,2,0,0,FALSE,accept,40:50.7
d28c309a-856d-4f83-8b55-d1a24c8c3d2b,1462efca-0ce9-4b24-9d87-c78ae7a8449c,visual,1,B,,,,,,,,,,,,,,1,0.0119,140.7246,0.0555,0.5,modal,,,,1,0,0,FALSE,accept,50:40.3
ef7b2785-c645-4099-8ce2-74109fb827fe,0047572b-3652-4a21-b6cc-5fa5184697bd,visual,1,B,,,,,,,,,,,,,,1,0.051,571.9376,0,0.5,modal,,,,0,0,0,FALSE,accept,57:11.4
08bd0df2-95d0-4755-86cd-02d3bafedaaf,66287d4b-3470-49a7-a238-2fa090bb592e,script,1,B,37.80093243243243,0.8288,0.7676,0,0.2,0.4524,0,1.5684,,,,,,,,,,,,,,,0,0,0,FALSE,reject,55:53.5
e245c4fe-8d08-464c-9bd3-fbb9bdf27739,4aff0b34-c97c-4b6c-a3cb-48c2d4f02afe,visual,1,B,,,,,,,,,,,,,,1,0.0388,474.5097,0,0.5,modal,,,,2,0,0,FALSE,accept,51:15.7
f7d89b75-cca4-4cac-bced-ad84f84234c4,66287d4b-3470-49a7-a238-2fa090bb592e,script,2,B,35.05562824506751,0.7757,0.6854,0,0.3333,0.4335,1,1.5684,,,,,,,,,,,,,,,0,0,0,FALSE,reject,56:52.8
5c9a5fa0-c332-4b29-ba4f-9946b7a436a9,a2a2ffd9-af0d-492c-86d5-6f933f288f5e,visual,2,B,,,,,,,,,,,,,,1,0.0469,606.9441,0,0.5,modal,,,,1,0,0,FALSE,accept,50:54.2
da0c48fd-d4dc-407f-b75f-354904be5205,66287d4b-3470-49a7-a238-2fa090bb592e,script,3,B,41.991000000000014,0.8333,0.7052,0,0.1667,0.4069,1,1.5684,,,,,,,,,,,,,,,0,0,0,FALSE,accept,57:16.7
e8d57e01-ead7-432b-8788-19a17aa310df,f210b2ce-bb82-4b38-b318-bdffd94b52c4,visual,1,B,,,,,,,,,,,,,,1,0.0163,197.5633,0,0.5,modal,,,,1,0,0,FALSE,reject,23:56.5
c344d13e-50d2-49f3-92e0-f950e3f25452,f210b2ce-bb82-4b38-b318-bdffd94b52c4,script,1,B,23.595571847507358,0.8065,0.733,0,0,0.4645,1,1.4166,,,,,,,,,,,,,,,0,0,0,FALSE,reject,21:57.8
f609f2be-0f69-4aaa-aa4a-92f8bf6ba244,b6c5ba7d-ced6-4f4c-a9b4-da8596d6c629,script,2,B,29.455538033395186,0.8571,0.7406,0,0.6,0.4519,0,1.2863,,,,,,,,,,,,,,,0,0,0,FALSE,accept,22:52.0
c5987a86-5451-4b2c-bf58-c87171db1232,1538f6fc-baa7-415a-9cca-57cac7ea864f,visual,1,B,,,,,,,,,,,,,,1,0.0342,312.5051,0,0.5,modal,,,,2,0,0,FALSE,accept,51:06.4
55857d0d-fd38-48be-97a2-1a5bf66e8a9b,a2a2ffd9-af0d-492c-86d5-6f933f288f5e,video,1,B,,,,,,,,,,,,,,,,,,,,0,0.4844,4,1,0,0,FALSE,accept,57:28.6
590820f8-debb-4232-ad6d-d98c7b1b4a4b,66287d4b-3470-49a7-a238-2fa090bb592e,visual,1,B,,,,,,,,,,,,,,1,0.0092,162.1782,0,0.5,modal,,,,2,0,0,FALSE,accept,58:02.9
e5f48166-855d-4b40-ab83-3040406bbebd,4cc0dc01-021a-4d19-8805-a72017efe815,script,1,B,37.27990120274913,0.7629,0.7,0,0,0.4431,1,1.68,,,,,,,,,,,,,,,0,0,0,FALSE,reject,23:06.8
cb830051-17bb-40e5-8dbb-b43b3ecac268,0fab3104-fdc2-4122-a573-4e6dad89dcaa,audio,1,B,,,,,,,,,0.0519,0.2211,0.0255,0.0024501,0.94,,,,,,,,,,0,0,0,FALSE,accept,23:13.6
805f944f-1a4a-4e85-9cc2-9a7f68d75e89,f210b2ce-bb82-4b38-b318-bdffd94b52c4,audio,1,B,,,,,,,,,0.023,0.1942,0.007,0.00254736,0.9537,,,,,,,,,,1,0,0,FALSE,accept,23:16.7
03a29861-681a-4900-932d-d58deb45fb0d,66287d4b-3470-49a7-a238-2fa090bb592e,audio,1,B,,,,,,,,,0.0617,0.2521,0.0148,0.00294915,0.9505,,,,,,,,,,2,0,0,FALSE,accept,57:35.1
bc5928b0-8bb2-40e0-9388-245808c0a385,1538f6fc-baa7-415a-9cca-57cac7ea864f,video,1,B,,,,,,,,,,,,,,,,,,,,0,0.3772,4,2,0,0,FALSE,accept,57:38.1
9f7c174d-bef0-4ed2-8691-5ac518e7df48,4cc0dc01-021a-4d19-8805-a72017efe815,script,2,B,38.278359887535174,0.8041,0.6541,0,0,0.4943,1,1.68,,,,,,,,,,,,,,,0,0,0,FALSE,accept,23:46.1
7be7f6c7-102d-4642-9aa5-ee6b8732f559,0fab3104-fdc2-4122-a573-4e6dad89dcaa,video,2,B,,,,,,,,,,,,,,,,,,,,0,0.5899,0.02,0,0,0,FALSE,accept,30:37.1
add5a74a-635c-4446-98e3-9473b297c928,b6c5ba7d-ced6-4f4c-a9b4-da8596d6c629,audio,1,B,,,,,,,,,0.0588,0.2437,0.0292,0.00268549,0.9515,,,,,,,,,,1,0,0,FALSE,accept,23:27.5
4e73da11-10ec-4880-b71e-ac1f4a17c353,4cc0dc01-021a-4d19-8805-a72017efe815,visual,1,B,,,,,,,,,,,,,,1,0.0226,235.509,0.1389,0.5,modal,,,,1,0,0,FALSE,reject,24:45.7
7efa0d5c-c0a9-48c5-882c-67e85a44420d,0047572b-3652-4a21-b6cc-5fa5184697bd,video,1,B,,,,,,,,,,,,,,,,,,,,0,0.3834,4,0,0,0,FALSE,accept,06:43.6
b1d8565c-bb57-40a8-9253-1abe93b90a41,66287d4b-3470-49a7-a238-2fa090bb592e,video,1,B,,,,,,,,,,,,,,,,,,,,0,0.2383,4,2,0,0,FALSE,accept,06:48.6
41b44404-c111-421a-98f4-484433065e63,5f473c90-0f98-4943-964d-e5b28e260bed,audio,1,B,,,,,,,,,0.0526,0.2151,0.0677,0.0027915,0.9588,,,,,,,,,,0,0,0,FALSE,accept,23:56.9
971f44a1-6cda-42ed-b054-8bdcb790b6c4,b6c5ba7d-ced6-4f4c-a9b4-da8596d6c629,visual,2,B,,,,,,,,,,,,,,1,0.0516,678.0017,0,0.5,modal,,,,1,0,0,FALSE,accept,24:17.4
5d57459f-a118-48b4-973d-307467d74455,0fab3104-fdc2-4122-a573-4e6dad89dcaa,visual,1,B,,,,,,,,,,,,,,1,0.0245,622.84,0,0.5,modal,,,,0,0,0,FALSE,reject,23:50.5
00d26a8c-83ac-463f-8d24-59f55d39c438,b6c5ba7d-ced6-4f4c-a9b4-da8596d6c629,video,1,B,,,,,,,,,,,,,,,,,,,,0,0.5277,0.02,1,0,0,FALSE,reject,31:20.0
09e55269-f112-4e40-8891-f46ca00d42f1,b6c5ba7d-ced6-4f4c-a9b4-da8596d6c629,video,2,B,,,,,,,,,,,,,,,,,,,,0,0.5277,0.02,1,0,0,FALSE,accept,32:11.2
5a316cfd-bd3c-4a07-a81f-45b380d38964,6ee2a72e-5c0e-40fb-b849-a5a6184f062c,script,1,B,53.31666666666666,0.8018,0.7356,0,0,0.3155,1,1.8475,,,,,,,,,,,,,,,0,0,0,FALSE,reject,35:34.7
a0ff8a41-e2f1-41ec-8163-c2086b02f103,0fab3104-fdc2-4122-a573-4e6dad89dcaa,video,1,B,,,,,,,,,,,,,,,,,,,,0,0.5899,0.02,0,0,0,FALSE,reject,30:00.3
a8cd3d6f-ea1a-48d1-9d26-caabd3533cc4,5f473c90-0f98-4943-964d-e5b28e260bed,visual,1,B,,,,,,,,,,,,,,1,0.0226,252.5496,0,0.5,modal,,,,0,0,0,FALSE,reject,24:30.1
fdf5757b-65d4-4bc1-816b-a5bbe6936555,7d8b3f40-9164-4783-818f-3648f479c96b,script,1,B,45.239000000000004,0.875,0.6563,0,0,0.3639,1,1.7491,,,,,,,,,,,,,,,0,0,0,FALSE,accept,35:47.9
ffef2b52-e7e8-46de-bba3-10460f06a1c6,f210b2ce-bb82-4b38-b318-bdffd94b52c4,visual,2,B,,,,,,,,,,,,,,1,0.0346,362.9049,0,0.5,modal,,,,1,0,0,FALSE,accept,30:30.9
494ca562-096d-43fd-8df6-9ca9b41ccd7e,f210b2ce-bb82-4b38-b318-bdffd94b52c4,video,1,B,,,,,,,,,,,,,,,,,,,,0,0.3424,0.02,0,0,0,FALSE,accept,40:59.3
e2519db2-5cfb-4043-b580-204e40f17b2a,4cc0dc01-021a-4d19-8805-a72017efe815,video,1,B,,,,,,,,,,,,,,,,,,,,0,0.259,0.02,0,0,0,FALSE,reject,42:35.3
502497dd-af02-4d26-b251-f45c0b5924b2,6ee2a72e-5c0e-40fb-b849-a5a6184f062c,audio,1,B,,,,,,,,,0.1222,0.224,0.0443,0.00263034,0.9828,,,,,,,,,,0,0,0,FALSE,accept,42:06.9
70c344d5-85ab-48e0-bd25-7f2bac0bcdc5,5f473c90-0f98-4943-964d-e5b28e260bed,video,1,B,,,,,,,,,,,,,,,,,,,,0,0.5419,3.156,0,0,0,FALSE,reject,43:15.9
62208800-097d-4d38-b1ad-e51ec4fcf0a9,7d8b3f40-9164-4783-818f-3648f479c96b,audio,1,B,,,,,,,,,0.0588,0.3285,0.0117,0.00310875,0.9406,,,,,,,,,,0,0,0,FALSE,accept,44:53.6
ea6b598e-5deb-4b5b-b76f-a24c256e9414,6ee2a72e-5c0e-40fb-b849-a5a6184f062c,visual,1,B,,,,,,,,,,,,,,1,0.0101,388.401,0,0.5,modal,,,,0,0,0,FALSE,accept,42:45.7
5683676a-f9b9-489e-9a89-8614e2e828cf,6ee2a72e-5c0e-40fb-b849-a5a6184f062c,video,1,B,,,,,,,,,,,,,,,,,,,,0,0.2359,0.02,0,0,0,FALSE,reject,49:56.8
bae522b9-41aa-407b-b3dd-16a7b7db4979,6ee2a72e-5c0e-40fb-b849-a5a6184f062c,video,2,B,,,,,,,,,,,,,,,,,,,,0,0.2359,0.02,0,0,0,FALSE,accept,50:06.2
ecdcfae5-570b-4259-9424-e7f116488d0c,7d8b3f40-9164-4783-818f-3648f479c96b,video,1,B,,,,,,,,,,,,,,,,,,,,0,0.4415,0.02,0,0,0,FALSE,reject,51:00.4
38221e2c-20ad-4966-87a2-fd310d7ea226,7d8b3f40-9164-4783-818f-3648f479c96b,visual,1,B,,,,,,,,,,,,,,1,0.0211,272.8765,0.1667,0.5,modal,,,,0,0,0,FALSE,accept,45:19.5
8deb6f51-ecca-49c8-a89f-0b4bf08b0365,7d8b3f40-9164-4783-818f-3648f479c96b,video,2,B,,,,,,,,,,,,,,,,,,,,0,0.4415,0.02,0,0,0,FALSE,accept,51:09.6
da2daa6e-f515-4342-b090-9ee7e627a8a3,7e0e8a4c-fdfb-4986-9a6f-94686462a4a0,video,1,B,,,,,,,,,,,,,,,,,,,,0,0.3219,0.02,2,0,0,FALSE,accept,30:50.5
0da7b429-7e93-488c-a2de-8c525399ab35,d93063c4-f9fc-4b01-b752-8aa550de9f5c,script,1,B,58.26666666666668,0.7658,0.7794,0,0,0.4422,1,1.226,,,,,,,,,,,,,,,0,0,0,FALSE,accept,58:17.7
fbcf5f29-2018-450d-b14e-78e3167c1f60,30942005-8872-4639-a54b-6f7c23117484,script,1,B,46.82139445300464,0.7797,0.7176,0,0,0.5741,0,1.6994,,,,,,,,,,,,,,,0,0,0,FALSE,accept,23:14.2
332181f9-7a1c-4b62-8f99-ba4a9f6b7a6c,1b0508ad-ea0b-4d6e-bad1-f81c14012a61,visual,1,B,,,,,,,,,,,,,,1,0.0004,5.9402,0,0.5,modal,,,,0,0,0,FALSE,accept,05:27.4
acb29d66-0873-45b0-8ded-01d9d80f271c,9c6ac874-ee2f-4ca7-bcfb-9e4fbfa3996f,audio,1,B,,,,,,,,,0.0548,0.2111,0.0213,0.00294697,0.9368,,,,,,,,,,1,0,0,FALSE,accept,05:08.7
d790b765-4460-4203-9ab1-f16bc812a99c,30942005-8872-4639-a54b-6f7c23117484,video,1,B,,,,,,,,,,,,,,,,,,,,0,0.4442,0.02,0,0,0,FALSE,reject,31:13.7
6932617f-e745-42c7-ae2a-8e803028f31d,9c6ac874-ee2f-4ca7-bcfb-9e4fbfa3996f,visual,1,B,,,,,,,,,,,,,,1,0.0043,43.5418,0,0.5,modal,,,,1,0,0,FALSE,accept,06:19.5
baa2d173-e6de-4ca9-b996-bf5e29de9cb3,f20b3079-f8f1-44c7-9a5a-2c283d0ccb62,script,1,B,46.988346962616845,0.757,0.7913,0,0.1,0.4259,1,1.6193,,,,,,,,,,,,,,,0,0,0,FALSE,accept,26:58.5
ebe7ae1a-6674-4bf3-adc6-5d4a648e327a,d93063c4-f9fc-4b01-b752-8aa550de9f5c,visual,2,B,,,,,,,,,,,,,,1,0.002,50.5543,0,0.5,modal,,,,0,0,0,FALSE,accept,11:51.7
e2102ed8-3936-4990-8ecb-38c5cc2707c3,7e0e8a4c-fdfb-4986-9a6f-94686462a4a0,visual,2,B,,,,,,,,,,,,,,1,0.0284,853.0564,0,0.5,modal,,,,1,0,0,FALSE,reject,18:27.2
9ea0980b-0803-4b89-a523-ebf490eef416,fed78b0a-a38a-4b4f-a6f8-8a63ee0e3112,video,1,B,,,,,,,,,,,,,,,,,,,,0,0.5757,0.02,2,0,0,FALSE,accept,30:29.9
28ba6ff9-2e7e-4067-bbe3-c9b555e7cc66,0fe360c4-802a-4987-a66e-81ade53ec242,script,1,B,51.78191646191647,0.8198,0.7629,0,0.5,0.6131,1,1.2255,,,,,,,,,,,,,,,0,0,0,FALSE,accept,30:03.7
91d53ade-cf4b-431c-88f6-a9b0443c5e89,37c06132-a639-43fd-a80e-6542b279d74d,audio,1,B,,,,,,,,,0.0921,0.2806,0.0151,0.00304017,0.9694,,,,,,,,,,0,0,0,FALSE,accept,33:07.2
ccf582bb-660f-4842-8428-1bd333b7c2cc,f20b3079-f8f1-44c7-9a5a-2c283d0ccb62,video,2,B,,,,,,,,,,,,,,,,,,,,0,0.361,0.02,0,0,0,FALSE,accept,34:01.5
f89d9445-7abb-4d6c-94f6-746dd409bea6,a69e7d4e-511d-420b-9a3b-c52ebd7598ff,visual,1,B,,,,,,,,,,,,,,1,0.0052,68.9256,0,0.5,modal,,,,2,0,0,FALSE,accept,35:33.3
c57a4009-e818-4aea-b2e9-238358d90323,0fe360c4-802a-4987-a66e-81ade53ec242,visual,1,B,,,,,,,,,,,,,,1,0.0193,230.6253,0,0.5,modal,,,,0,0,0,FALSE,accept,32:20.8
1db522c9-4288-41a8-a449-eacc94f33e62,30942005-8872-4639-a54b-6f7c23117484,visual,1,B,,,,,,,,,,,,,,1,0.0204,197.5961,0.2222,0.5,modal,,,,0,0,0,FALSE,accept,25:16.5
eea997af-bb80-4dc2-bc2e-48ac25d8e2cf,d749af0c-e80d-4a13-80ae-f463d86d625e,video,1,B,,,,,,,,,,,,,,,,,,,,0,0.4816,0.02,2,0,0,FALSE,accept,25:27.3
3c42dfda-df12-4b18-837e-a96bb66b2af9,d93063c4-f9fc-4b01-b752-8aa550de9f5c,visual,1,B,,,,,,,,,,,,,,1,0.0119,291.5942,0.1667,0.5,modal,,,,0,0,0,FALSE,reject,05:10.5
9fcf338a-560a-4e1b-912a-f62d1303202b,bd7c5ccc-8a00-483e-9510-09ea80aa2ba0,script,1,B,51.499056603773596,0.7925,0.7461,0,0,0.368,0,1.6508,,,,,,,,,,,,,,,0,0,0,FALSE,reject,59:26.1
dfb51bcc-9766-4782-ac54-f294b28895df,84c31a7e-5892-4723-a8f5-c130c3592bbc,video,1,B,,,,,,,,,,,,,,,,,,,,0,0.4461,1.788,1,0,0,FALSE,accept,19:19.1
6d6a371c-52fd-47f4-874e-2eaee84c6cb9,1b0508ad-ea0b-4d6e-bad1-f81c14012a61,audio,1,B,,,,,,,,,0.0595,0.2252,0.0052,0.00287801,0.9519,,,,,,,,,,0,0,0,FALSE,accept,59:39.7
e2f07842-4997-4221-a65a-16c2cbd660b3,1b0508ad-ea0b-4d6e-bad1-f81c14012a61,video,2,B,,,,,,,,,,,,,,,,,,,,0,0.0691,0.02,0,0,0,FALSE,reject,12:42.3
3428baee-230d-414d-9768-a10ab45e5b3a,d749af0c-e80d-4a13-80ae-f463d86d625e,audio,1,B,,,,,,,,,0.0921,0.2125,0.0455,0.00295765,0.9703,,,,,,,,,,2,0,0,FALSE,accept,18:35.5
18edbd60-a151-4b58-bee5-cbc1027dd754,fed78b0a-a38a-4b4f-a6f8-8a63ee0e3112,visual,1,B,,,,,,,,,,,,,,1,0.0065,104.0092,0,0.5,modal,,,,2,0,0,FALSE,reject,23:46.8
06e81d48-3fdb-4b1d-8f35-00e22fd68135,a69e7d4e-511d-420b-9a3b-c52ebd7598ff,script,1,B,36.04181645569622,0.7975,0.8062,0,0,0.4239,0,1.0602,,,,,,,,,,,,,,,0,0,0,FALSE,reject,31:48.2
2c1ee0b3-0799-45bb-a81c-4e34e14d504c,a69e7d4e-511d-420b-9a3b-c52ebd7598ff,script,2,B,33.457845911949704,0.8037,0.7285,0,0,0.4529,0,1.0602,,,,,,,,,,,,,,,0,0,0,FALSE,reject,32:32.7
c87c6231-4df5-487d-a76e-7bcf98f1ba2a,f20b3079-f8f1-44c7-9a5a-2c283d0ccb62,video,1,B,,,,,,,,,,,,,,,,,,,,0,0.361,0.02,0,0,0,FALSE,reject,33:39.9
48990b6c-98bb-4136-affd-366a7032ce9e,1e04e95c-d115-4af0-b725-b9ba775f8cde,audio,1,B,,,,,,,,,0.0725,0.2582,0.0177,0.00270254,0.9783,,,,,,,,,,0,0,0,FALSE,accept,37:16.5
27bdb1bf-3894-4b02-8fce-647e7a85ff39,bca17c01-3138-49d9-8464-b63729bc85dd,audio,1,B,,,,,,,,,0.0341,0.226,0.0281,0.00278375,0.9519,,,,,,,,,,0,0,0,FALSE,accept,21:28.2
88d47022-383a-4886-87f3-fadc5b1f1ee1,fed78b0a-a38a-4b4f-a6f8-8a63ee0e3112,script,1,B,45.595735294117674,0.8333,0.7012,0,0,0.3626,1,1.4135,,,,,,,,,,,,,,,0,0,0,FALSE,reject,20:08.9
74c209d7-59d7-4fa8-a596-e26bcd5d5229,9c6ac874-ee2f-4ca7-bcfb-9e4fbfa3996f,script,1,B,33.177609536082485,0.8557,0.6027,0,0,0.4069,0,1.7636,,,,,,,,,,,,,,,0,0,0,FALSE,reject,59:14.4
afd429af-57a7-4d71-a12f-3ea85145d0a7,1e04e95c-d115-4af0-b725-b9ba775f8cde,script,1,B,52.852047413793116,0.7816,0.7437,0,0,0.5837,1,1.6704,,,,,,,,,,,,,,,0,0,0,FALSE,accept,35:16.4
f3e592d5-218a-4ceb-904e-50821dede861,d93063c4-f9fc-4b01-b752-8aa550de9f5c,video,1,B,,,,,,,,,,,,,,,,,,,,0,0.4189,0.02,1,0,0,FALSE,accept,18:17.5
0f2c0275-ba28-4cef-8891-6a96325e3271,84c31a7e-5892-4723-a8f5-c130c3592bbc,visual,2,B,,,,,,,,,,,,,,1,0.0052,106.6526,0.3333,0.5,modal,,,,0,0,0,FALSE,accept,13:30.2
d9a69033-40c2-44be-999a-42d6c5961ef7,9c6ac874-ee2f-4ca7-bcfb-9e4fbfa3996f,video,1,B,,,,,,,,,,,,,,,,,,,,0,0.1665,0.02,1,0,0,FALSE,reject,13:55.8
5fa0527c-b211-4f30-82e9-dcc5d416925c,0fe360c4-802a-4987-a66e-81ade53ec242,audio,1,B,,,,,,,,,0.0761,0.2494,0.0466,0.00289151,0.9569,,,,,,,,,,0,0,0,FALSE,accept,31:22.4
2f9298be-ecc3-4cc9-b872-44c7d166b9f2,a69e7d4e-511d-420b-9a3b-c52ebd7598ff,script,3,B,15.876597222222244,0.8906,0.7239,0,0,0.4893,0,1.0602,,,,,,,,,,,,,,,0,0,0,FALSE,accept,33:24.4
62f5420e-b364-4b03-ab4b-c91e82c67b01,30942005-8872-4639-a54b-6f7c23117484,audio,1,B,,,,,,,,,0.0753,0.2255,0.0104,0.00256575,0.9593,,,,,,,,,,0,0,0,FALSE,accept,24:13.8
b0de4776-8110-482f-b7bb-4d72bb799f21,30942005-8872-4639-a54b-6f7c23117484,video,2,B,,,,,,,,,,,,,,,,,,,,0,0.4442,0.02,0,0,0,FALSE,accept,31:33.9
c738ead0-d282-4c37-b656-e7b893cfc3e9,37c06132-a639-43fd-a80e-6542b279d74d,visual,1,B,,,,,,,,,,,,,,1,0.0058,157.2169,0,0.5,modal,,,,0,0,0,FALSE,accept,33:47.8
7c2abb7a-8b01-4a22-ac14-b6faacd1032c,37c06132-a639-43fd-a80e-6542b279d74d,video,1,B,,,,,,,,,,,,,,,,,,,,0,0.4826,0.02,0,0,0,FALSE,reject,40:45.6
d47d0d81-d046-477c-82fe-450810f3e99f,1e04e95c-d115-4af0-b725-b9ba775f8cde,visual,2,B,,,,,,,,,,,,,,1,0.0013,15.5599,0,0.9105,ken_burns,,,,0,0,0,TRUE,accept,37:53.2
53812d1f-a113-45d5-a451-0e34ce775ef4,6efeaf0a-e288-42fe-aeb5-1be5da6f790a,script,1,B,52.86050400916383,0.732,0.7468,0,1,0.4598,1,1.114,,,,,,,,,,,,,,,0,0,0,FALSE,accept,37:32.1
d8a090ca-2f91-4b0a-9419-33878bfe5e29,7e0e8a4c-fdfb-4986-9a6f-94686462a4a0,visual,2,B,,,,,,,,,,,,,,1,0.0189,273.1753,0,0.5,modal,,,,1,0,0,FALSE,accept,25:02.1
1e7d0ff9-b400-4da4-b54c-b9cc26d67c87,1b0508ad-ea0b-4d6e-bad1-f81c14012a61,script,1,B,60.96528409090914,0.8384,0.769,0,0,0.296,1,1.7715,,,,,,,,,,,,,,,0,0,0,FALSE,accept,58:28.4
a0d6214b-3cad-454d-b7a9-a0f995a533d4,84c31a7e-5892-4723-a8f5-c130c3592bbc,script,1,B,66.68277778,0.875,0.611,0,0,0.4702,1,1.3505,,,,,,,,,,,,,,,0,0,0,FALSE,accept,59:00.6
e575d16e-b7b9-468d-bc6b-84b0becb6670,1b0508ad-ea0b-4d6e-bad1-f81c14012a61,video,2,B,,,,,,,,,,,,,,,,,,,,0,0.0691,0.02,0,0,0,FALSE,accept,13:42.0
b5f3c56e-1d48-4b93-b889-62e8a4bd8c65,bd7c5ccc-8a00-483e-9510-09ea80aa2ba0,video,2,B,,,,,,,,,,,,,,,,,,,,0,0.4642,0.02,1,0,0,FALSE,accept,14:23.5
8cc044ff-4f43-4b12-8dfd-2cf0c16b802b,fed78b0a-a38a-4b4f-a6f8-8a63ee0e3112,script,2,B,40.95269230769233,0.9074,0.6877,0,0,0.4184,0,1.4135,,,,,,,,,,,,,,,0,0,0,FALSE,accept,20:37.3
520d75b8-0943-4102-8d98-e4f354332d04,bd7c5ccc-8a00-483e-9510-09ea80aa2ba0,visual,1,B,,,,,,,,,,,,,,1,0.0055,160.1646,0.5,0.5,modal,,,,1,0,0,FALSE,accept,05:36.0
2547ec23-4139-482e-817b-fa3eff6c5c4e,a69e7d4e-511d-420b-9a3b-c52ebd7598ff,audio,1,B,,,,,,,,,0.2931,0.2784,0.0279,0.00270074,0.9275,,,,,,,,,,2,0,0,FALSE,accept,34:50.6
b8927871-fd97-4bb4-b764-ed35d961d8fd,7e0e8a4c-fdfb-4986-9a6f-94686462a4a0,audio,2,B,,,,,,,,,0.1222,0.3354,0.0227,0.00345728,0.9558,,,,,,,,,,0,0,0,FALSE,accept,17:39.9
90bbf53c-5957-422e-9ac3-12feae9f3646,f20b3079-f8f1-44c7-9a5a-2c283d0ccb62,visual,1,B,,,,,,,,,,,,,,1,0.0244,255.8968,0,0.5,modal,,,,0,0,0,FALSE,accept,28:12.3
3845e998-d53a-485c-85ed-f436783a477d,37c06132-a639-43fd-a80e-6542b279d74d,script,1,B,47.24718475073314,0.8065,0.7151,0,0.3333,0.51,0,1.77,,,,,,,,,,,,,,,0,0,0,FALSE,accept,32:08.9
45569776-fb13-4966-a6d1-855b0d4cf007,0fe360c4-802a-4987-a66e-81ade53ec242,video,1,B,,,,,,,,,,,,,,,,,,,,0,0.2041,0.02,0,0,0,FALSE,accept,39:21.4
ed598abc-8992-4b1f-95f7-9c611dbc25eb,a69e7d4e-511d-420b-9a3b-c52ebd7598ff,video,1,B,,,,,,,,,,,,,,,,,,,,0,0.4124,0.276,2,0,0,FALSE,reject,41:01.9
78faf122-d35c-43ec-861d-1e66cb406846,37c06132-a639-43fd-a80e-6542b279d74d,video,2,B,,,,,,,,,,,,,,,,,,,,0,0.4826,0.02,0,0,0,FALSE,accept,41:16.4
718b43eb-c701-4b2b-a454-66a675f80db6,6efeaf0a-e288-42fe-aeb5-1be5da6f790a,audio,1,B,,,,,,,,,0.0556,0.2394,0.0983,0.00285094,0.9608,,,,,,,,,,0,0,0,FALSE,accept,38:03.3
b83c2c2d-8c44-4e37-bd4e-61be4515a946,a69e7d4e-511d-420b-9a3b-c52ebd7598ff,video,2,B,,,,,,,,,,,,,,,,,,,,0,0.4124,0.276,2,0,0,FALSE,accept,41:41.9
fc3c9eb7-6d9e-4bed-ba30-ddb987d9d534,9c6ac874-ee2f-4ca7-bcfb-9e4fbfa3996f,video,2,B,,,,,,,,,,,,,,,,,,,,0,0.1665,0.02,1,0,0,FALSE,accept,14:41.1
2671e7bd-b98f-4b98-b007-f7f8ac9ffb6b,d93063c4-f9fc-4b01-b752-8aa550de9f5c,audio,1,B,,,,,,,,,0.0814,0.2718,0.0221,0.00289079,0.931,,,,,,,,,,0,0,0,FALSE,accept,59:33.9
794179b7-017c-454b-9e74-deb8ada9b441,84c31a7e-5892-4723-a8f5-c130c3592bbc,audio,1,B,,,,,,,,,0.0563,0.3071,0.0794,0.00298401,0.9412,,,,,,,,,,0,0,0,FALSE,accept,59:44.5
2d045e15-7f74-49e7-b43f-526168c77e06,7e0e8a4c-fdfb-4986-9a6f-94686462a4a0,audio,1,B,,,,,,,,,0.1222,0.3354,0.0227,0.00345728,0.9558,,,,,,,,,,0,0,0,FALSE,reject,16:38.0
fea1c0ff-584c-428e-8ace-5eee79617523,d749af0c-e80d-4a13-80ae-f463d86d625e,script,3,B,31.62375000000003,0.7812,0.6991,0,0,0.5293,0,0.6229,,,,,,,,,,,,,,,0,0,0,FALSE,accept,17:49.9
0246030d-dea3-457f-ad89-c074ad4995d9,bca17c01-3138-49d9-8464-b63729bc85dd,script,1,B,42.11377272727276,0.8788,0.7799,0,0,0.4326,0,1.6782,,,,,,,,,,,,,,,0,0,0,FALSE,accept,20:17.9
bee77b92-c6f4-40a9-b0ba-ca70b7c3120f,fed78b0a-a38a-4b4f-a6f8-8a63ee0e3112,audio,1,B,,,,,,,,,0.1111,0.2653,0.0606,0.00279049,0.9558,,,,,,,,,,1,0,0,FALSE,reject,21:44.8
88a54966-590e-4ebb-9220-efae580781d1,9c6ac874-ee2f-4ca7-bcfb-9e4fbfa3996f,script,2,B,45.392649812734106,0.8,0.6406,0,0,0.4894,1,1.7636,,,,,,,,,,,,,,,0,0,0,FALSE,accept,59:50.3
9d1b4df9-836a-45fa-bc19-fa68bbdaff36,d749af0c-e80d-4a13-80ae-f463d86d625e,script,1,B,18.73863061797752,0.8202,0.8326,0,0,0.5857,0,0.6229,,,,,,,,,,,,,,,0,0,0,FALSE,reject,15:59.4
41a15bcd-175a-409a-957e-b61170722e3e,84c31a7e-5892-4723-a8f5-c130c3592bbc,visual,2,B,,,,,,,,,,,,,,1,0.0061,182.1671,0.3333,0.5,modal,,,,0,0,0,FALSE,reject,05:22.1
e14311e9-d318-46b3-9f0f-19e5217bebd4,d749af0c-e80d-4a13-80ae-f463d86d625e,script,2,B,27.55272727272731,0.8384,0.7407,0,0,0.4491,0,0.6229,,,,,,,,,,,,,,,0,0,0,FALSE,reject,16:55.6
6040312e-ad8e-4ac9-8447-c0a23555f848,bd7c5ccc-8a00-483e-9510-09ea80aa2ba0,audio,1,B,,,,,,,,,0.1099,0.2306,0.0249,0.00258402,0.9825,,,,,,,,,,1,0,0,FALSE,accept,05:00.7
e51a37df-963d-4beb-b2fd-3503673f3331,bd7c5ccc-8a00-483e-9510-09ea80aa2ba0,script,2,B,40.865158002038754,0.8257,0.7532,0,0,0.3917,1,1.6508,,,,,,,,,,,,,,,0,0,0,FALSE,accept,59:57.3
0936a894-f253-478d-a223-d0b7fcf93f6c,d749af0c-e80d-4a13-80ae-f463d86d625e,visual,1,B,,,,,,,,,,,,,,1,0.0154,276.9222,0.1667,0.5,modal,,,,2,0,0,FALSE,accept,19:22.7
c5473a6f-3fdd-437c-843f-d220636e35a6,7e0e8a4c-fdfb-4986-9a6f-94686462a4a0,script,1,B,60.35500000000002,0.8241,0.5384,0,0,0.4125,0,1.7269,,,,,,,,,,,,,,,0,0,0,FALSE,accept,15:44.8
0aaa3898-b6b3-4b57-a929-e2c3b99918be,bca17c01-3138-49d9-8464-b63729bc85dd,visual,1,B,,,,,,,,,,,,,,1,0.0285,371.446,0,0.5,modal,,,,0,0,0,FALSE,reject,22:38.8
57b0a93c-920c-4224-b4b8-4862c50a8053,fed78b0a-a38a-4b4f-a6f8-8a63ee0e3112,audio,2,B,,,,,,,,,0.1111,0.2653,0.0606,0.00279049,0.9558,,,,,,,,,,1,0,0,FALSE,accept,22:52.8
1ec82439-ee16-44b1-941d-702a9fee993f,f20b3079-f8f1-44c7-9a5a-2c283d0ccb62,audio,1,B,,,,,,,,,0.0366,0.2123,0.0246,0.0023992,0.9643,,,,,,,,,,0,0,0,FALSE,accept,27:39.7
3085a5dd-56a7-4a09-a954-fd07642378b9,039b8002-b968-4070-9eb4-7d0150a3af7c,script,1,B,42.87846153846155,0.8846,0.7071,0,0,0.401,1,1.5461,,,,,,,,,,,,,,,0,0,0,FALSE,accept,56:31.0
e3242899-3129-4837-a83a-2155a88b3de6,bca17c01-3138-49d9-8464-b63729bc85dd,video,1,B,,,,,,,,,,,,,,,,,,,,0,0.3613,0.02,0,0,0,FALSE,accept,29:07.4
a85da1c0-107b-40d5-94e6-34d247dfac1e,f881afcd-e2ef-4d76-8443-3540c84d666a,script,1,B,55.440000000000026,0.8125,0.7871,0,0,0.4361,0,1.2464,,,,,,,,,,,,,,,0,0,0,FALSE,accept,42:57.2
e5e375d3-68a8-4ec0-ac34-2f3e360e794c,27d7c476-64e6-476a-a32f-b680740a2795,script,1,B,40.09438461538463,0.8462,0.7165,0,0,0.337,0,1.7059,,,,,,,,,,,,,,,0,0,0,FALSE,accept,13:37.4
4a617a51-0ab6-4cba-b893-939fa2ff2741,590e3802-df47-481c-be9e-cab88eb334d0,script,1,B,35.40146464646466,0.8068,0.7035,0,1,0.5147,1,1.4133,,,,,,,,,,,,,,,0,0,0,FALSE,accept,45:43.7
8c4194e9-3c8a-41b2-bd1f-c0d58adae992,1808c70e-b56d-473a-849f-4f96503f5a3e,audio,1,B,,,,,,,,,0.0921,0.2408,0.0423,0.00271484,0.9545,,,,,,,,,,0,0,0,FALSE,accept,26:30.2
0e9e90a7-f8b9-4aee-840e-6d186ea4dd04,039b8002-b968-4070-9eb4-7d0150a3af7c,audio,1,B,,,,,,,,,0.0429,0.2046,0.0395,0.00262468,0.9398,,,,,,,,,,0,0,0,FALSE,accept,57:20.9
c8e90c48-978e-48e8-90e2-1cbdac48d9fc,7e45e118-fe0e-4ea7-ba22-b0be5a65dd0c,visual,2,B,,,,,,,,,,,,,,1,0.0019,22.3017,0,0.9072,ken_burns,,,,0,0,0,TRUE,accept,26:17.0
c25100f9-bf45-40a4-8ade-7336c01a5697,ea4c4073-85c1-4c18-8c4c-60207c8e9297,script,1,B,73.36350629,0.6509,0.7153,0,0,0.5084,1,1.436,,,,,,,,,,,,,,,0,0,0,FALSE,accept,51:31.2
e2d51824-3983-4185-a30c-0078d000212d,a01cfadb-a3bf-4678-a37a-46137e97b6b1,visual,1,B,,,,,,,,,,,,,,1,0.001,16.2501,0.25,0.9066,ken_burns,,,,1,0,0,TRUE,accept,13:58.4
9caa781e-ccb1-46c4-ba5c-1acf7e6ed2cf,27d7c476-64e6-476a-a32f-b680740a2795,visual,1,B,,,,,,,,,,,,,,1,0.0013,14.8946,0.0417,0.826,ken_burns,,,,0,0,0,TRUE,accept,17:29.1
c80023d8-4c36-40d5-b853-126c0ccdb55c,9818c430-ecb9-4494-bcba-8b5460126df9,script,1,B,64.59351378958121,0.8427,0.6507,0,0,0.3686,1,1.1989,,,,,,,,,,,,,,,0,0,0,FALSE,accept,02:20.9
00cdc24a-8ee7-4c37-8eb0-dc4c3c0dfa32,cbafcb4e-e3c9-4935-bbd4-746e187ccb67,script,1,B,87.58676470588239,0.8241,0.5852,0,0,0.4384,1,1.9514,,,,,,,,,,,,,,,0,0,0,FALSE,accept,02:43.2
1abf55dc-97ce-454a-805f-0b50882ba8a1,52b11827-dd0c-42f2-9afa-8ea8d2f7586a,script,1,B,58.39215048543693,0.8155,0.7339,0,0,0.353,1,1.7715,,,,,,,,,,,,,,,0,0,0,FALSE,accept,56:04.0
adb74656-8467-4efe-9923-2bc8d43c5980,fb08d104-3cf2-49d2-89cd-419930581a95,video,1,B,,,,,,,,,,,,,,,,,,,,0,0.3529,0.02,0,0,0,FALSE,accept,35:09.0
0f0795ba-da9d-4669-8b05-e8e1ae559482,039b8002-b968-4070-9eb4-7d0150a3af7c,video,2,B,,,,,,,,,,,,,,,,,,,,0,0.3644,5.148,1,0,0,FALSE,reject,05:33.7
ad17229b-6461-41da-92cc-caaf615453b9,8268a1ee-b6ac-4539-afb2-1f99e3dbc97c,video,2,B,,,,,,,,,,,,,,,,,,,,0,0.4224,0.02,0,0,0,FALSE,accept,38:56.9
7fad8ea7-7aed-42ff-af3d-d0485f89c2af,d49a0ebc-b1c5-4e42-bfa3-dd4240030058,audio,1,B,,,,,,,,,0.1351,0.3556,0.0395,0.00344968,0.9462,,,,,,,,,,0,0,0,FALSE,accept,20:56.9
b6d82c2b-14de-4316-903f-56cd638dc2bc,700b8337-6abe-486f-ad18-b2a5d35f98b7,video,1,B,,,,,,,,,,,,,,,,,,,,0,0.2622,0.02,0,0,0,FALSE,accept,23:37.5
189deeb9-aa01-4bc7-b888-9cfcc895b07f,37613ebc-dedb-4fc4-998d-7eecd7157a5e,visual,1,B,,,,,,,,,,,,,,1,0.0011,12.3311,0.3889,0.9048,ken_burns,,,,0,0,0,TRUE,accept,04:47.5
b59e7b93-ae79-4443-8f4b-3de880272652,a01cfadb-a3bf-4678-a37a-46137e97b6b1,audio,1,B,,,,,,,,,0.1111,0.3531,0.0266,0.00367328,0.9524,,,,,,,,,,0,0,0,FALSE,reject,10:17.0
d1f5618a-89aa-4267-b868-44fb43baa766,8268a1ee-b6ac-4539-afb2-1f99e3dbc97c,audio,1,B,,,,,,,,,0.1099,0.2173,0.026,0.00265993,0.9658,,,,,,,,,,0,0,0,FALSE,accept,31:13.2
98c4b4bb-1094-4abb-a214-12c5da591ce1,8f486400-38f3-4910-8c41-0e1f1c280bf0,audio,1,B,,,,,,,,,0.1053,0.2885,0.0619,0.00320753,0.9604,,,,,,,,,,0,0,0,FALSE,accept,42:32.7
c6351175-e7d0-42f0-8c4d-2b3c3bf38cc6,f0251bfe-76ac-451d-889f-a22baf7a6a8d,video,1,B,,,,,,,,,,,,,,,,,,,,0,0.3464,0.02,1,0,0,FALSE,accept,45:03.3
d8e81013-ba6f-4519-9173-d1d452ff6031,f0251bfe-76ac-451d-889f-a22baf7a6a8d,script,1,B,26.927780612244902,0.8061,0.7031,0,0.3333,0.3887,1,1.4166,,,,,,,,,,,,,,,0,0,0,FALSE,reject,37:28.4
eac05f3e-2d49-4f62-9739-017c7bc2a3bd,fb08d104-3cf2-49d2-89cd-419930581a95,visual,1,B,,,,,,,,,,,,,,1,0.0014,16.5476,0,0.9182,ken_burns,,,,0,0,0,TRUE,accept,31:35.0
56536786-a4e7-4234-89cc-54ca9c464dd8,52b11827-dd0c-42f2-9afa-8ea8d2f7586a,video,1,B,,,,,,,,,,,,,,,,,,,,0,0.195,0.02,0,0,0,FALSE,accept,05:42.6
572ddd7f-180d-4457-bcd8-7caa9bf65dec,80a9040b-73a6-4475-90b3-d99b519a3971,audio,1,B,,,,,,,,,0.0946,0.3016,0.1511,0.00288434,0.9457,,,,,,,,,,0,0,0,FALSE,accept,57:07.9
b9d9578d-ddcd-439c-84f3-581ab78a186e,da025100-e699-4436-8831-5f7e14addb4d,video,1,B,,,,,,,,,,,,,,,,,,,,0,0.2893,0.02,0,0,0,FALSE,accept,13:20.4
0291d146-3267-4518-ad48-fcabc99d628f,2ff54b56-e0d1-4157-8e70-e42151df6729,script,1,B,53.880000000000024,0.7912,0.5491,0,0,0.5589,1,1.8074,,,,,,,,,,,,,,,0,0,0,FALSE,accept,56:41.6
649c2b15-34ec-4268-a0e3-0041873c86ce,1e04e95c-d115-4af0-b725-b9ba775f8cde,video,1,B,,,,,,,,,,,,,,,,,,,,0,0.324,0.02,0,0,0,FALSE,reject,42:44.0
0e748725-856b-41e3-b301-e306c3dba8d4,a500c9fe-c75c-403f-8f19-2d0e35909a10,script,1,B,37.45937702265374,0.7282,0.6619,0,0,0.559,1,1.1811,,,,,,,,,,,,,,,0,0,0,FALSE,reject,43:05.8
43fdb2a6-1566-483e-87b8-e235a98e9f0b,590e3802-df47-481c-be9e-cab88eb334d0,audio,1,B,,,,,,,,,0.1111,0.2618,0.0327,0.00273491,0.9462,,,,,,,,,,0,0,0,FALSE,reject,46:29.6
d07102bc-ff53-4710-9408-7be19990ec97,6efeaf0a-e288-42fe-aeb5-1be5da6f790a,video,1,B,,,,,,,,,,,,,,,,,,,,0,0.2879,0.02,0,0,0,FALSE,accept,49:22.4
aefaecee-7a75-4ecd-9ad4-d1fd29119a7f,cbafcb4e-e3c9-4935-bbd4-746e187ccb67,audio,2,B,,,,,,,,,0.1556,0.3909,0.0116,0.00332006,0.9912,,,,,,,,,,0,0,0,FALSE,accept,08:44.4
0955db1b-8ab0-48a4-b76f-7c0f2049be15,a500c9fe-c75c-403f-8f19-2d0e35909a10,script,2,B,43.53752873563221,0.6638,0.6558,0,0,0.5363,1,1.1811,,,,,,,,,,,,,,,0,0,0,FALSE,accept,43:58.5
dd2b3246-f339-410d-bb47-c9ae769a6cc1,5ae5737b-eb6a-43d6-a2fb-af79357ed528,script,1,B,58.63766101694918,0.7542,0.6682,0,0.4,0.5235,0,1.3975,,,,,,,,,,,,,,,0,0,0,FALSE,accept,20:28.0
a0648483-82c5-49c3-9624-7ddd947b8a5a,37613ebc-dedb-4fc4-998d-7eecd7157a5e,audio,1,B,,,,,,,,,0.0482,0.2708,0.0311,0.00290993,0.9537,,,,,,,,,,0,0,0,FALSE,accept,02:54.4
4ec03192-0ff3-414a-a3b0-a32b7029706a,9130807d-7e0a-435a-8e1f-7b3ae32067c8,script,1,B,34.63898276,0.908,0.7127,0,0.0588,0.4457,1,1.3024,,,,,,,,,,,,,,,0,0,0,FALSE,accept,45:25.4
0ae4bd70-da11-4c45-bb47-5f52ec38c2b5,5ae5737b-eb6a-43d6-a2fb-af79357ed528,audio,1,B,,,,,,,,,0.0778,0.2258,0.0864,0.00264619,0.9675,,,,,,,,,,0,0,0,FALSE,accept,21:03.6
6d3c6bce-22ce-4416-a2ff-a2c0ee690468,27d7c476-64e6-476a-a32f-b680740a2795,audio,1,B,,,,,,,,,0.0562,0.2241,0.0597,0.00264464,0.9633,,,,,,,,,,0,0,0,FALSE,accept,14:29.8
72e14768-e076-47e6-aeb2-8d966be853b6,80de9f15-7af7-413b-a0be-b22cc53bf7c2,audio,1,B,,,,,,,,,0.061,0.2123,0.0393,0.00276617,0.9804,,,,,,,,,,0,0,0,FALSE,accept,51:44.9
44e771b5-7fab-408d-abf1-425cc044bc10,a500c9fe-c75c-403f-8f19-2d0e35909a10,audio,1,B,,,,,,,,,0.0641,0.1746,0.0182,0.00242746,0.9669,,,,,,,,,,1,0,0,FALSE,accept,44:38.6
64fac1c4-154c-492c-9997-090b984ae702,9130807d-7e0a-435a-8e1f-7b3ae32067c8,visual,2,B,,,,,,,,,,,,,,1,0.0441,447.2947,0,0.5,modal,,,,0,0,0,FALSE,accept,47:57.8
f8f62ebc-e5e7-4e60-833c-aa754fe5364d,039b8002-b968-4070-9eb4-7d0150a3af7c,video,2,B,,,,,,,,,,,,,,,,,,,,0,0.3644,5.148,1,0,0,FALSE,reject,04:39.3
4e1a4a4e-3781-4271-90e7-bab3c8f22ac7,6efeaf0a-e288-42fe-aeb5-1be5da6f790a,visual,1,B,,,,,,,,,,,,,,1,0.0059,75.9118,0,0.5,modal,,,,0,0,0,FALSE,accept,42:47.5
8cd400f3-4025-4ef1-b623-7e29719c0ceb,a01cfadb-a3bf-4678-a37a-46137e97b6b1,audio,2,B,,,,,,,,,0.1111,0.3531,0.0266,0.00367328,0.9524,,,,,,,,,,0,0,0,FALSE,accept,13:18.7
4998b717-fabb-41e4-beb0-395b3fe01598,cbf84068-6c3d-4f78-92d9-cc222fa0952d,script,1,B,71.34653846153849,0.8182,0.7946,0,0,0.4647,1,1.9313,,,,,,,,,,,,,,,0,0,0,FALSE,accept,06:42.2
63829260-75c0-45e8-b783-49d8214bdf9c,700b8337-6abe-486f-ad18-b2a5d35f98b7,visual,2,B,,,,,,,,,,,,,,1,0.0015,49.0235,0.1667,0.5,modal,,,,0,0,0,FALSE,accept,17:34.6
a36f9684-4ec1-4e73-b272-b18eda4db24d,8b3bb7db-996c-4d25-a143-acada43c4beb,script,1,B,47.51980611,0.8416,0.6337,0,0,0.4519,1,1.0275,,,,,,,,,,,,,,,0,0,0,FALSE,accept,19:58.9
2ebe5990-98e5-45c6-ae2c-807533d999d3,640b0092-55b6-4820-ab09-d51c8c25e823,video,1,B,,,,,,,,,,,,,,,,,,,,0,0.3139,0.02,0,0,0,FALSE,reject,19:14.6
a0cf4a41-85da-4234-96ab-7a4d75f8741e,700b8337-6abe-486f-ad18-b2a5d35f98b7,script,1,B,62.48923076923077,0.8295,0.738,0,0.3333,0.3732,1,1.6876,,,,,,,,,,,,,,,0,0,0,FALSE,accept,13:50.8
5c02af97-a353-481f-988b-bf2947ef8d8f,1ce3bb10-daf8-49a6-b5d7-cd9593018c95,script,1,B,66.62064935064936,0.7238,0.7221,0,0,0.3858,0,1.8838,,,,,,,,,,,,,,,0,0,0,FALSE,accept,29:16.1
a3428cee-0dc9-49a9-b24e-6a99caa41c42,1808c70e-b56d-473a-849f-4f96503f5a3e,script,1,B,47.64070950468542,0.9036,0.7663,0,0,0.4145,1,1.7341,,,,,,,,,,,,,,,0,0,0,FALSE,accept,25:43.6
354f999a-c46a-4043-9f93-980c762f5862,8b3bb7db-996c-4d25-a143-acada43c4beb,audio,1,B,,,,,,,,,0.0581,0.2829,0.0339,0.00284714,0.9623,,,,,,,,,,0,0,0,FALSE,accept,20:42.7
e16b8935-20b0-4811-880d-5261314cf521,1808c70e-b56d-473a-849f-4f96503f5a3e,visual,1,B,,,,,,,,,,,,,,1,0.0257,966.6611,0,0.5,modal,,,,0,0,0,FALSE,reject,30:06.8
b3ce847a-f17f-47db-b486-8e4887110fdd,a50d2139-8389-46a7-af2e-556b98686d0f,audio,1,B,,,,,,,,,0.0976,0.262,0.0468,0.00301004,0.9495,,,,,,,,,,1,0,0,FALSE,accept,35:14.6
bc9535c8-3f8a-4f8f-b990-f03935127c5e,63177d05-dc75-4bc2-8fb5-749cfea24d66,audio,1,B,,,,,,,,,0.1579,0.2473,0.0058,0.00290821,0.9561,,,,,,,,,,1,0,0,FALSE,accept,39:48.3
c4cadcad-cdfb-4a56-84a1-7665f0c9d7a8,87c629e3-abd1-434d-a648-d129647cdde5,visual,1,B,,,,,,,,,,,,,,1,0.0062,57.6954,0.0833,0.5,modal,,,,0,0,0,FALSE,accept,45:53.2
5394f1b5-597c-416d-b60c-d0dbf4eec978,1e04e95c-d115-4af0-b725-b9ba775f8cde,video,2,B,,,,,,,,,,,,,,,,,,,,0,0.324,0.02,0,0,0,FALSE,accept,43:32.8
dcb64ebe-e010-4317-abd9-006ce98430f3,fd7087e8-6207-4f17-9c4b-01ca3f5537a6,script,1,B,51.821136363636384,0.8788,0.5788,0,0,0.3329,0,1.7491,,,,,,,,,,,,,,,0,0,0,FALSE,accept,50:32.9
93272fc0-7736-421c-9d25-07aa808d0298,f881afcd-e2ef-4d76-8443-3540c84d666a,audio,1,B,,,,,,,,,0.0253,0.2192,0.0555,0.00265091,0.9505,,,,,,,,,,0,0,0,FALSE,accept,43:39.2
5d37b0e0-e6cf-4eb5-aa1f-47fbee773127,1808c70e-b56d-473a-849f-4f96503f5a3e,video,1,B,,,,,,,,,,,,,,,,,,,,0,0.5177,0.02,0,0,0,FALSE,accept,36:42.1
698f62d1-724e-4552-8fa0-b077775e81ef,cbafcb4e-e3c9-4935-bbd4-746e187ccb67,visual,1,B,,,,,,,,,,,,,,1,0.0133,229.1694,0.5,0.5,modal,,,,1,0,0,FALSE,accept,11:04.0
d5536f31-a436-4f02-95a0-04c0c61120a0,2ff54b56-e0d1-4157-8e70-e42151df6729,audio,1,B,,,,,,,,,0.0685,0.2642,0.0327,0.00298508,0.9479,,,,,,,,,,0,0,0,FALSE,accept,57:37.2
b1dd757d-1ea1-498c-a5b7-8796b8088889,80de9f15-7af7-413b-a0be-b22cc53bf7c2,script,1,B,58.45659793814437,0.8351,0.5898,0,0,0.4604,1,1.2649,,,,,,,,,,,,,,,0,0,0,FALSE,accept,51:15.4
fb590c37-089f-4f6a-bbcc-aea28cd80bbb,9818c430-ecb9-4494-bcba-8b5460126df9,audio,1,B,,,,,,,,,0.0921,0.2874,0.022,0.00307769,0.9681,,,,,,,,,,0,0,0,FALSE,accept,03:04.0
3416d789-db5a-48fc-bcac-563fdf455b00,badc0e72-3a74-4ab8-8bca-7dce853fbec3,script,1,B,57.66416873449131,0.9032,0.6543,0,0,0.3172,1,1.8475,,,,,,,,,,,,,,,0,0,0,FALSE,accept,46:09.1
a5625fad-7e92-4f8f-ae97-172e7e83598b,700b8337-6abe-486f-ad18-b2a5d35f98b7,audio,1,B,,,,,,,,,0.0946,0.3211,0.033,0.0031265,0.9355,,,,,,,,,,0,0,0,FALSE,accept,14:33.9
6c97aa14-bdc1-4c31-a187-14504e7e658c,87c629e3-abd1-434d-a648-d129647cdde5,video,1,B,,,,,,,,,,,,,,,,,,,,0,0.341,0.02,0,0,0,FALSE,accept,51:00.3
1225fa67-b115-4d1c-bf0e-24b4b4d2dc0e,37613ebc-dedb-4fc4-998d-7eecd7157a5e,video,1,B,,,,,,,,,,,,,,,,,,,,0,0.3641,0.02,0,0,0,FALSE,accept,08:35.6
74ccb593-da83-4939-8004-78193b6f616b,52b11827-dd0c-42f2-9afa-8ea8d2f7586a,audio,1,B,,,,,,,,,0.0824,0.2414,0.0525,0.00261069,0.963,,,,,,,,,,0,0,0,FALSE,accept,56:38.8
8ce246cc-0437-4291-9097-5710cee2bf97,5ae5737b-eb6a-43d6-a2fb-af79357ed528,visual,1,B,,,,,,,,,,,,,,1,0.0318,846.5854,0.0833,0.5,modal,,,,0,0,0,FALSE,accept,24:19.9
7163e2ab-e449-48ff-b405-245e1c6857f1,cbf84068-6c3d-4f78-92d9-cc222fa0952d,visual,1,B,,,,,,,,,,,,,,1,0.0018,16.2873,0,0.9167,ken_burns,,,,0,0,0,TRUE,accept,09:16.0
dafbf7bd-0daf-4ec4-bf87-33435eb4548d,44785041-3675-4a02-a153-90a8b5bae5b5,visual,1,B,,,,,,,,,,,,,,1,0.0077,180.167,0,0.5,modal,,,,0,0,0,FALSE,accept,44:05.3
08436084-4e65-4e42-a56f-1f6e88f7d3e5,f0251bfe-76ac-451d-889f-a22baf7a6a8d,visual,2,B,,,,,,,,,,,,,,1,0.0016,18.7395,0,0.9335,ken_burns,,,,1,0,0,TRUE,accept,41:05.8
a84f066f-8506-446c-b918-d6bf8e502f7e,cbf84068-6c3d-4f78-92d9-cc222fa0952d,video,1,B,,,,,,,,,,,,,,,,,,,,0,0.4246,0.02,0,0,0,FALSE,accept,12:41.2
354d12fe-339a-4edf-a15a-02bf4824f38f,9f217a3e-10a1-4912-8ee8-08b4dced99ab,audio,1,B,,,,,,,,,0.0253,0.2717,0.0601,0.0027512,0.9524,,,,,,,,,,0,0,0,FALSE,accept,02:01.6
d5da77bb-0041-4499-b6c1-4add9173fc5e,fb08d104-3cf2-49d2-89cd-419930581a95,audio,1,B,,,,,,,,,0.0575,0.2228,0.0274,0.00273256,0.9558,,,,,,,,,,0,0,0,FALSE,accept,30:10.3
ca9a1ace-8f71-4981-9048-52f34b267497,87c629e3-abd1-434d-a648-d129647cdde5,audio,1,B,,,,,,,,,0.0533,0.3159,0.0239,0.00303788,0.949,,,,,,,,,,0,0,0,FALSE,accept,40:33.0
930a8ec7-41b3-4bf6-90c5-2a24ebb6fab8,80a9040b-73a6-4475-90b3-d99b519a3971,script,1,B,78.39760344827589,0.8391,0.692,0,0,0.4503,0,1.3505,,,,,,,,,,,,,,,0,0,0,FALSE,accept,56:34.6
832d1264-95b6-4657-b6ae-b4b447bba7bb,087fc477-54bf-42a4-a9ed-cfc2bc700af3,script,1,B,52.365544943820254,0.7528,0.741,0,0,0.5777,1,1.226,,,,,,,,,,,,,,,0,0,0,FALSE,accept,52:32.3
64a2b5c4-a3b6-4974-9cc4-f7d6ab12d6f4,badc0e72-3a74-4ab8-8bca-7dce853fbec3,video,1,B,,,,,,,,,,,,,,,,,,,,0,0.3891,0.02,0,0,0,FALSE,reject,55:18.8
93239f73-747f-4015-b0ac-852d837bf00a,fd7087e8-6207-4f17-9c4b-01ca3f5537a6,visual,1,B,,,,,,,,,,,,,,1,0.001,10.8935,0.5833,0.8939,ken_burns,,,,0,0,0,TRUE,accept,51:45.3
43fababd-798c-4dd7-8b68-a8f85d06bd79,07c3a8a4-66d1-429b-9705-968bab304136,video,2,B,,,,,,,,,,,,,,,,,,,,0,0.3999,0.02,0,0,0,FALSE,accept,01:21.3
be1369fd-1c58-43b6-905c-b7a1ffc42a51,3362b7fc-dcca-4fb0-8765-772cf350aec8,audio,1,B,,,,,,,,,0.0562,0.2125,0.0581,0.00259431,0.9455,,,,,,,,,,0,0,0,FALSE,accept,01:45.2
e0844d96-0812-43af-8e97-4b3fb42bbc02,b17d098d-88b4-4984-a833-5b9f773448cc,script,2,B,48.06246621621625,0.7748,0.7059,0,0,0.4486,0,0.6229,,,,,,,,,,,,,,,0,0,0,FALSE,accept,07:18.6
5ff66747-dfb5-454e-b01e-9987f6150ca0,9f217a3e-10a1-4912-8ee8-08b4dced99ab,visual,1,B,,,,,,,,,,,,,,1,0.0154,334.8061,0.1667,0.5,modal,,,,0,0,0,FALSE,accept,05:46.4
ecef1237-7887-48d1-9067-77b28f4dc9c2,e414e8e4-e7b5-4ca0-8286-3c40efc53b02,video,1,B,,,,,,,,,,,,,,,,,,,,0,0.34,0.02,0,0,0,FALSE,accept,14:10.6
e691b637-d8e1-4306-8ebb-2e3e11299bf8,7e45e118-fe0e-4ea7-ba22-b0be5a65dd0c,script,1,B,34.029064171123025,0.7941,0.755,0,0,0.4253,0,1.5089,,,,,,,,,,,,,,,0,0,0,FALSE,accept,21:59.3
1b631469-8eb0-445e-afda-373495c7bad3,f881afcd-e2ef-4d76-8443-3540c84d666a,visual,1,B,,,,,,,,,,,,,,1,0.0031,40.0752,0,0.8374,ken_burns,,,,0,0,0,TRUE,accept,44:26.3
957f58b2-5657-40a4-9471-435a418fb3b6,52b11827-dd0c-42f2-9afa-8ea8d2f7586a,visual,1,B,,,,,,,,,,,,,,1,0.0007,32.8351,0,0.5,modal,,,,0,0,0,FALSE,accept,00:07.3
fff00418-a5c1-4d39-9ce1-c68c1c050139,a500c9fe-c75c-403f-8f19-2d0e35909a10,visual,1,B,,,,,,,,,,,,,,1,0.0059,75.4426,0,0.5,modal,,,,1,0,0,FALSE,reject,47:31.0
be24718f-6961-407f-bf12-6dd2b984b124,80de9f15-7af7-413b-a0be-b22cc53bf7c2,video,1,B,,,,,,,,,,,,,,,,,,,,0,0.1117,0.02,0,0,0,FALSE,reject,58:47.6
7207e311-61b1-42d4-b7f4-a080b45d42ef,da025100-e699-4436-8831-5f7e14addb4d,audio,1,B,,,,,,,,,0.1529,0.3076,0.0177,0.00323753,0.9561,,,,,,,,,,0,0,0,FALSE,accept,02:43.4
a3f80f0e-7491-4301-8711-bfeaea9c6b34,8268a1ee-b6ac-4539-afb2-1f99e3dbc97c,visual,1,B,,,,,,,,,,,,,,1,0.0241,301.9222,0,0.5,modal,,,,0,0,0,FALSE,reject,32:46.7
b25f6cbb-db40-4c1f-b873-be34af9433ea,1ce3bb10-daf8-49a6-b5d7-cd9593018c95,visual,1,B,,,,,,,,,,,,,,1,0.0084,130.1691,0.1111,0.5,modal,,,,0,0,0,FALSE,accept,30:55.7
4ed1bb87-4f9d-4e8a-996a-9525e59d586c,039b8002-b968-4070-9eb4-7d0150a3af7c,visual,1,B,,,,,,,,,,,,,,1,0.0013,17.5182,0,0.9399,ken_burns,,,,0,0,0,TRUE,reject,57:47.0
3cad2586-aa07-4a3b-85d8-83ba9ab020a8,44785041-3675-4a02-a153-90a8b5bae5b5,audio,1,B,,,,,,,,,0.0909,0.265,0.0333,0.00257842,0.9412,,,,,,,,,,0,0,0,FALSE,accept,39:43.3
4009da36-1232-4c1e-8e42-a870a406dca8,d49a0ebc-b1c5-4e42-bfa3-dd4240030058,visual,1,B,,,,,,,,,,,,,,1,0.0012,11.9973,0.5278,0.9286,ken_burns,,,,0,0,0,TRUE,reject,22:09.4
76835751-7020-4819-b602-757d60d0ded6,7e45e118-fe0e-4ea7-ba22-b0be5a65dd0c,audio,1,B,,,,,,,,,0.0366,0.2594,0.0253,0.00253396,0.9533,,,,,,,,,,0,0,0,FALSE,accept,22:47.4
cf71e09b-b5c9-4037-a1bc-4382fb805a66,cbafcb4e-e3c9-4935-bbd4-746e187ccb67,audio,1,B,,,,,,,,,0.1556,0.3909,0.0116,0.00332006,0.9912,,,,,,,,,,0,0,0,FALSE,reject,03:09.0
58772104-6d13-4348-be14-f762c2d6b9d9,2ff54b56-e0d1-4157-8e70-e42151df6729,video,1,B,,,,,,,,,,,,,,,,,,,,0,0.1025,0.02,0,0,0,FALSE,accept,08:30.1
fba213d0-7955-4c72-b610-39b14ba09244,44785041-3675-4a02-a153-90a8b5bae5b5,script,1,B,60.954648547328986,0.7835,0.7466,0,0,0.472,0,0.9685,,,,,,,,,,,,,,,0,0,0,FALSE,accept,38:03.2
ecb41aee-650f-4d33-8e6d-4cb4f56b646d,7e45e118-fe0e-4ea7-ba22-b0be5a65dd0c,video,1,B,,,,,,,,,,,,,,,,,,,,0,0.3411,0.02,0,0,0,FALSE,accept,30:10.3
92d8bced-cf90-4779-918d-6b82c4033b07,cbafcb4e-e3c9-4935-bbd4-746e187ccb67,video,1,B,,,,,,,,,,,,,,,,,,,,0,0.3676,0.02,1,0,0,FALSE,accept,17:19.1
e12c559a-af20-4442-9e2d-3e85bf10de84,d49a0ebc-b1c5-4e42-bfa3-dd4240030058,video,1,B,,,,,,,,,,,,,,,,,,,,0,0.3724,0.02,0,0,0,FALSE,accept,26:17.1
057a4dbd-710a-4809-988a-a8c8f2d5b728,1ce3bb10-daf8-49a6-b5d7-cd9593018c95,audio,1,B,,,,,,,,,0.0649,0.2696,0.0569,0.00307196,0.9545,,,,,,,,,,0,0,0,FALSE,accept,29:49.8
2d5693e2-12eb-440c-8b2f-9285151a9ac0,e3d54cf1-88f8-4f4a-be7b-6aaeff2e01f5,script,1,B,45.28720279720281,0.9091,0.7633,0,0,0.3829,1,1.6782,,,,,,,,,,,,,,,0,0,0,FALSE,accept,07:29.3
8dc6e076-e16a-47fa-86f8-58fcf4d3e85f,8b3bb7db-996c-4d25-a143-acada43c4beb,visual,1,B,,,,,,,,,,,,,,1,0.0101,239.4735,0,0.5,modal,,,,0,0,0,FALSE,accept,21:32.7
bee32d4f-101b-491e-9297-5cd3900d18b9,63177d05-dc75-4bc2-8fb5-749cfea24d66,script,1,B,27.569288793103482,0.8736,0.6881,0,0.1667,0.3603,1,1.2863,,,,,,,,,,,,,,,0,0,0,FALSE,reject,37:46.8
16e1b49f-f90f-47ba-8e5e-b813323cd1b5,8268a1ee-b6ac-4539-afb2-1f99e3dbc97c,script,1,B,42.129500000000036,0.8036,0.7472,0,0,0.3724,1,1.6868,,,,,,,,,,,,,,,0,0,0,FALSE,accept,30:45.0
547e6232-a9cd-4980-93c4-d7338a5d4439,badc0e72-3a74-4ab8-8bca-7dce853fbec3,audio,1,B,,,,,,,,,0.0706,0.3005,0.0316,0.00334654,0.949,,,,,,,,,,0,0,0,FALSE,accept,46:46.2
e72845f7-e99d-4593-bd0d-f07a32622d9f,9f217a3e-10a1-4912-8ee8-08b4dced99ab,script,1,B,51.173,0.78,0.5799,0,0,0.3797,1,1.6508,,,,,,,,,,,,,,,0,0,0,FALSE,accept,01:40.4
fd26abc6-32ca-4724-b800-5cf060d4522c,07c3a8a4-66d1-429b-9705-968bab304136,visual,1,B,,,,,,,,,,,,,,1,0.0323,580.4702,0,0.5,modal,,,,0,0,0,FALSE,accept,56:19.5
bf1d3960-1aab-4a02-ae2e-3795a9973ab4,a50d2139-8389-46a7-af2e-556b98686d0f,visual,1,B,,,,,,,,,,,,,,1,0.0008,12.2911,0,0.9476,ken_burns,,,,1,0,0,TRUE,accept,36:54.6
189a7240-ecf0-480c-88da-38cb6c1b25c7,da025100-e699-4436-8831-5f7e14addb4d,visual,1,B,,,,,,,,,,,,,,1,0.0295,231.2356,0.1667,0.5,modal,,,,0,0,0,FALSE,accept,07:14.4
339b0896-ac47-4748-ac67-1d613b5ebdb7,b17d098d-88b4-4984-a833-5b9f773448cc,audio,1,B,,,,,,,,,0.092,0.2661,0.0165,0.00301895,0.9569,,,,,,,,,,1,0,0,FALSE,accept,07:40.4
53782a30-1355-4a21-bc4a-86e1f12b2446,e3d54cf1-88f8-4f4a-be7b-6aaeff2e01f5,video,1,B,,,,,,,,,,,,,,,,,,,,0,0.3128,0.02,0,0,0,FALSE,accept,18:11.5
f60663fe-aada-4ebd-a117-ad2399b64e53,1ce3bb10-daf8-49a6-b5d7-cd9593018c95,video,1,B,,,,,,,,,,,,,,,,,,,,0,0.4787,0.02,0,0,0,FALSE,accept,36:49.1
2430b3f3-6dbc-4dd1-979d-865bfb156b88,9130807d-7e0a-435a-8e1f-7b3ae32067c8,audio,1,B,,,,,,,,,0.125,0.244,0.0117,0.00285197,0.9565,,,,,,,,,,0,0,0,FALSE,accept,46:05.7
526ea13e-1e97-4ecc-b2ae-99e1f22f93a7,a01cfadb-a3bf-4678-a37a-46137e97b6b1,video,1,B,,,,,,,,,,,,,,,,,,,,0,0.2968,0.02,1,0,0,FALSE,reject,17:26.6
ace49f7a-b07e-4a4f-88ae-d0317fcc9170,80de9f15-7af7-413b-a0be-b22cc53bf7c2,visual,1,B,,,,,,,,,,,,,,1,0.0026,65.6807,0,0.5,modal,,,,0,0,0,FALSE,accept,53:18.9
8e13f353-0047-4cac-b3ef-04a4cbd15b2f,f881afcd-e2ef-4d76-8443-3540c84d666a,video,1,B,,,,,,,,,,,,,,,,,,,,0,0.3504,0.02,0,0,0,FALSE,accept,47:46.4
713a96b7-ce4b-45d2-b114-93f9bf497bd3,07c3a8a4-66d1-429b-9705-968bab304136,audio,1,B,,,,,,,,,0.0253,0.2219,0.0196,0.00265532,0.9505,,,,,,,,,,0,0,0,FALSE,accept,52:05.6
072b03d4-6b93-4f62-becc-4c27a2b28dc5,ed368cdd-d565-4d24-a1ee-54e2f3611e13,audio,1,B,,,,,,,,,0.1279,0.2653,0.0065,0.00317841,0.9434,,,,,,,,,,0,0,0,FALSE,accept,51:11.6
1ade3d55-a5d8-4322-a9ae-2deb02a0ae78,8b3bb7db-996c-4d25-a143-acada43c4beb,video,1,B,,,,,,,,,,,,,,,,,,,,0,0.221,0.02,0,0,0,FALSE,accept,28:37.4
3786d55d-d2e7-44a9-bdeb-074d5a76d6b2,80de9f15-7af7-413b-a0be-b22cc53bf7c2,video,2,B,,,,,,,,,,,,,,,,,,,,0,0.1117,0.02,0,0,0,FALSE,accept,59:07.8
4e498f4b-84d8-430f-a511-c6a0055c93dd,590e3802-df47-481c-be9e-cab88eb334d0,audio,2,B,,,,,,,,,0.1111,0.2618,0.0327,0.00273491,0.9462,,,,,,,,,,0,0,0,FALSE,accept,49:30.9
7afa0ca6-a499-438c-9b22-08d74a30a6be,590e3802-df47-481c-be9e-cab88eb334d0,visual,1,B,,,,,,,,,,,,,,1,0.0009,14.0652,0,0.8001,ken_burns,,,,1,0,0,TRUE,accept,50:08.4
5fa460ff-420f-4e29-b01b-bfd21219921c,badc0e72-3a74-4ab8-8bca-7dce853fbec3,visual,1,B,,,,,,,,,,,,,,1,0.0001,10.3817,0,0.5,modal,,,,0,0,0,FALSE,accept,49:48.7
986b1483-bf5d-45ec-a224-b28b0a5a38d0,87c629e3-abd1-434d-a648-d129647cdde5,script,1,B,50.69133064516129,0.7957,0.6784,0,0,0.3975,0,1.68,,,,,,,,,,,,,,,0,0,0,FALSE,accept,40:06.1
9f1f4282-0e43-4a00-b1ca-e57969dfecf9,37613ebc-dedb-4fc4-998d-7eecd7157a5e,script,1,B,61.677587378640794,0.7961,0.7183,0,0,0.4426,1,1.7844,,,,,,,,,,,,,,,0,0,0,FALSE,accept,02:06.0
410eaf7a-51e2-4bf4-8af1-e761de10266e,a50d2139-8389-46a7-af2e-556b98686d0f,script,1,B,15.694981012658246,0.8608,0.7223,0,0,0.4202,1,1.5684,,,,,,,,,,,,,,,0,0,0,FALSE,reject,33:13.7
8c5578f0-327d-4f60-9885-2d6a1e7b7330,8f486400-38f3-4910-8c41-0e1f1c280bf0,video,1,B,,,,,,,,,,,,,,,,,,,,0,0.2892,0.02,0,0,0,FALSE,accept,49:52.4
e44428f4-b48d-4c3d-b277-327b309c1051,2ff54b56-e0d1-4157-8e70-e42151df6729,visual,1,B,,,,,,,,,,,,,,1,0.0003,6.2658,0,0.5,modal,,,,0,0,0,FALSE,accept,01:37.7
25ab4583-2c53-4b45-ba01-5bd5b2f27b88,cbf84068-6c3d-4f78-92d9-cc222fa0952d,audio,1,B,,,,,,,,,0.0769,0.2982,0.0071,0.00312423,0.9739,,,,,,,,,,0,0,0,FALSE,accept,07:13.1
6448ddaf-4cb4-43cc-a149-510b47037fcb,a50d2139-8389-46a7-af2e-556b98686d0f,script,2,B,40.66136363636366,0.8617,0.7049,0,0.125,0.4406,0,1.5684,,,,,,,,,,,,,,,0,0,0,FALSE,accept,34:05.3
9a91a940-4815-4801-9341-ca98ccfe0c1a,8f486400-38f3-4910-8c41-0e1f1c280bf0,script,1,B,62.26431818,0.7812,0.6769,0,0,0.5138,0,1.4129,,,,,,,,,,,,,,,0,0,0,FALSE,accept,41:45.5
1c85f719-6019-4d58-b649-5a992b3147c7,e414e8e4-e7b5-4ca0-8286-3c40efc53b02,script,1,B,37.505382775119614,0.8246,0.6722,0,0,0.3685,1,1.4135,,,,,,,,,,,,,,,0,0,0,FALSE,accept,07:01.7
6a66d73b-ea42-42fb-898e-a2b4e0fa3820,fd7087e8-6207-4f17-9c4b-01ca3f5537a6,video,1,B,,,,,,,,,,,,,,,,,,,,0,0.3601,0.02,0,0,0,FALSE,accept,55:38.5
bb4f495d-2ff4-447d-a888-64c470ab971c,8f486400-38f3-4910-8c41-0e1f1c280bf0,visual,1,B,,,,,,,,,,,,,,1,0.0008,13.8495,0.25,0.8876,ken_burns,,,,0,0,0,TRUE,accept,46:16.2
a42a71b5-4d8b-4314-bd63-efae3702e57e,087fc477-54bf-42a4-a9ed-cfc2bc700af3,visual,1,B,,,,,,,,,,,,,,1,0.0012,13.6007,0.1667,0.8639,ken_burns,,,,0,0,0,TRUE,reject,56:44.0
ac40aeeb-14f1-4cd2-a930-6d25ff3f8493,3362b7fc-dcca-4fb0-8765-772cf350aec8,video,1,B,,,,,,,,,,,,,,,,,,,,0,0.3153,0.02,0,0,0,FALSE,accept,06:16.8
bc356afa-2016-4c54-a6d4-a911b39d8b5a,80a9040b-73a6-4475-90b3-d99b519a3971,video,1,B,,,,,,,,,,,,,,,,,,,,0,0.0803,1.428,0,0,0,FALSE,accept,06:03.8
dbe14ef1-ac77-41e1-acc2-d85a50f6b305,e414e8e4-e7b5-4ca0-8286-3c40efc53b02,audio,1,B,,,,,,,,,0.0947,0.2539,0.0592,0.002775,0.9664,,,,,,,,,,0,0,0,FALSE,accept,07:38.4
9524082e-dab7-488e-9541-5cba90b536a7,da025100-e699-4436-8831-5f7e14addb4d,script,1,B,65.43525229357797,0.7706,0.4876,0,0,0.3967,1,1.7269,,,,,,,,,,,,,,,0,0,0,FALSE,accept,02:15.1
f81adde9-a2df-40cc-b9e3-51c90d43c8ae,ea4c4073-85c1-4c18-8c4c-60207c8e9297,audio,1,B,,,,,,,,,0.0429,0.2987,0.2269,0.00265734,0.955,,,,,,,,,,0,0,0,FALSE,reject,52:05.8
07a32e1c-4f64-4ac8-92fe-e6b5e97214bd,a500c9fe-c75c-403f-8f19-2d0e35909a10,visual,2,B,,,,,,,,,,,,,,1,0.0119,161.7909,0,0.5,modal,,,,1,0,0,FALSE,accept,53:42.0
87255509-f592-4219-b2fa-2765d523d7ca,640b0092-55b6-4820-ab09-d51c8c25e823,audio,1,B,,,,,,,,,0.0779,0.2939,0.0259,0.00305453,0.9495,,,,,,,,,,0,0,0,FALSE,accept,10:00.1
a1a947dd-2182-4aab-b81b-87834d1b797a,3362b7fc-dcca-4fb0-8765-772cf350aec8,script,1,B,46.145384615384614,0.8381,0.6009,0,0,0.3289,1,1.7636,,,,,,,,,,,,,,,0,0,0,FALSE,accept,01:15.7
0534600e-bd83-43b3-82eb-ec1bd094949a,f0251bfe-76ac-451d-889f-a22baf7a6a8d,script,2,B,24.84547219770522,0.7864,0.7114,0,0,0.447,1,1.4166,,,,,,,,,,,,,,,0,0,0,FALSE,accept,38:14.2
bbc55397-4088-4178-93ad-cff8d764274f,590e3802-df47-481c-be9e-cab88eb334d0,video,1,B,,,,,,,,,,,,,,,,,,,,0,0.3095,0.02,1,0,0,FALSE,reject,53:05.0
077b0c09-4da6-48bc-82ad-4bfb6a40c592,9130807d-7e0a-435a-8e1f-7b3ae32067c8,video,2,B,,,,,,,,,,,,,,,,,,,,0,0.4692,0.02,0,0,0,FALSE,accept,53:47.7
6027d8e9-36be-4afa-924d-f05bffee762b,ea4c4073-85c1-4c18-8c4c-60207c8e9297,audio,2,B,,,,,,,,,0.0429,0.2987,0.2269,0.00265734,0.955,,,,,,,,,,0,0,0,FALSE,accept,53:36.2
435fc005-fe49-485b-84c1-25be9795d0fe,a500c9fe-c75c-403f-8f19-2d0e35909a10,video,1,B,,,,,,,,,,,,,,,,,,,,0,0.5214,0.02,2,0,0,FALSE,accept,00:08.3
03493e41-9e58-40f4-9a3d-7244ab29ace0,590e3802-df47-481c-be9e-cab88eb334d0,video,2,B,,,,,,,,,,,,,,,,,,,,0,0.3095,0.02,1,0,0,FALSE,accept,54:17.0
30d13bcc-07c9-48ce-8038-0a00d38e1454,ed368cdd-d565-4d24-a1ee-54e2f3611e13,visual,1,B,,,,,,,,,,,,,,1,0.0061,119.8237,0.1667,0.5,modal,,,,0,0,0,FALSE,accept,55:14.8
8ef98613-c684-4a10-8c88-9f3898cba7a6,640b0092-55b6-4820-ab09-d51c8c25e823,visual,1,B,,,,,,,,,,,,,,1,0.0008,32.0243,0,0.5,modal,,,,0,0,0,FALSE,accept,12:43.9
66dd6e3b-5f4b-4ef5-9bea-fa4f31a55e22,640b0092-55b6-4820-ab09-d51c8c25e823,script,1,B,62.084166666666704,0.8085,0.6578,0,0,0.5852,1,1.6045,,,,,,,,,,,,,,,0,0,0,FALSE,accept,09:28.3
5986454c-4991-4eb7-a5d1-bc087711538a,27d7c476-64e6-476a-a32f-b680740a2795,video,1,B,,,,,,,,,,,,,,,,,,,,0,0.3616,0.02,0,0,0,FALSE,reject,20:50.3
10894702-c8bb-4e4b-969d-ce34e5a0a9cf,a01cfadb-a3bf-4678-a37a-46137e97b6b1,script,1,B,67.24633333333333,0.8,0.6937,0,0.5,0.5086,1,1.4352,,,,,,,,,,,,,,,0,0,0,FALSE,accept,09:49.7
eefabb6c-9d4d-41f2-b9e6-f279062ce1ad,63177d05-dc75-4bc2-8fb5-749cfea24d66,script,2,B,42.32406171809845,0.8624,0.6914,0,0.2,0.4306,0,1.2863,,,,,,,,,,,,,,,0,0,0,FALSE,accept,38:51.4
051f835a-e0e9-4187-9a2a-551adeeb308a,fd7087e8-6207-4f17-9c4b-01ca3f5537a6,audio,1,B,,,,,,,,,0.0795,0.3211,0.016,0.00316476,0.9519,,,,,,,,,,0,0,0,FALSE,accept,51:02.7
0ab1896c-2a4e-4752-b71c-bfd68ce40bc5,63177d05-dc75-4bc2-8fb5-749cfea24d66,visual,1,B,,,,,,,,,,,,,,1,0.017,173.9735,0,0.5,modal,,,,1,0,0,FALSE,accept,45:42.3
dcdad686-d0ad-494d-a4c2-3584578a8cfb,9818c430-ecb9-4494-bcba-8b5460126df9,video,1,B,,,,,,,,,,,,,,,,,,,,0,0.391,0.02,0,0,0,FALSE,accept,12:00.9
c06166b2-1010-403a-a304-5b3ecaf9d033,b17d098d-88b4-4984-a833-5b9f773448cc,visual,1,B,,,,,,,,,,,,,,1,0.0013,14.6673,0.3333,0.8921,ken_burns,,,,1,0,0,TRUE,accept,08:49.8
e44c6c08-2621-45c4-99e0-8c862f41d5e5,5ae5737b-eb6a-43d6-a2fb-af79357ed528,video,1,B,,,,,,,,,,,,,,,,,,,,0,0.4731,0.02,0,0,0,FALSE,accept,29:57.7
6b74df03-b26d-4d53-9e2a-d715d82432c4,44785041-3675-4a02-a153-90a8b5bae5b5,video,1,B,,,,,,,,,,,,,,,,,,,,0,0.3092,0.02,0,0,0,FALSE,accept,49:43.9
62c2d9cf-5c8a-4fc8-a27d-82c70c80b730,80a9040b-73a6-4475-90b3-d99b519a3971,visual,1,B,,,,,,,,,,,,,,1,0.0004,24.3342,0,0.5,modal,,,,0,0,0,FALSE,accept,00:48.4
8e0304b0-8ca2-4914-b036-48463c2e9f8a,087fc477-54bf-42a4-a9ed-cfc2bc700af3,video,1,B,,,,,,,,,,,,,,,,,,,,0,0.3677,0.02,0,0,0,FALSE,accept,00:21.9
5fd61454-366f-4ac8-be0f-0402bfdefb7d,3362b7fc-dcca-4fb0-8765-772cf350aec8,visual,1,B,,,,,,,,,,,,,,1,0.0011,14.1563,0.1667,0.9133,ken_burns,,,,0,0,0,TRUE,reject,02:19.5
9870d2ee-fd38-4338-ad7c-12bfd2901038,e3d54cf1-88f8-4f4a-be7b-6aaeff2e01f5,audio,1,B,,,,,,,,,0.033,0.2773,0.0076,0.00284507,0.9519,,,,,,,,,,0,0,0,FALSE,accept,08:05.3
c371b402-39e3-4954-a154-8cb8b2d458f8,fb08d104-3cf2-49d2-89cd-419930581a95,script,1,B,48.95500000000001,0.7963,0.7896,0,0,0.5661,0,1.5847,,,,,,,,,,,,,,,0,0,0,FALSE,accept,29:27.5
17222102-6997-40e7-a66f-799afd46187e,9130807d-7e0a-435a-8e1f-7b3ae32067c8,video,1,B,,,,,,,,,,,,,,,,,,,,0,0.4692,0.02,0,0,0,FALSE,reject,53:31.3
625afb69-d49b-4405-9dbf-8a8890aa124d,ea4c4073-85c1-4c18-8c4c-60207c8e9297,visual,1,B,,,,,,,,,,,,,,1,0.0457,719.9726,0,0.5,modal,,,,1,0,0,FALSE,accept,54:28.3
62598e87-b72b-468c-85a6-c995bccb74bc,b17d098d-88b4-4984-a833-5b9f773448cc,script,1,B,31.856250000000017,0.8333,0.7382,0,0,0.5688,0,0.6229,,,,,,,,,,,,,,,0,0,0,FALSE,reject,06:43.9
76557434-d283-4129-979a-d0adbedb584a,07c3a8a4-66d1-429b-9705-968bab304136,script,1,B,31.62375000000003,0.8125,0.6731,0,0.0909,0.4475,1,1.4423,,,,,,,,,,,,,,,0,0,0,FALSE,accept,51:37.3
aa2edf2a-558b-405f-9fd3-f3fd56156b4a,63177d05-dc75-4bc2-8fb5-749cfea24d66,video,1,B,,,,,,,,,,,,,,,,,,,,0,0.381,0.02,1,0,0,FALSE,accept,51:52.2
78a5c2cb-3414-4ef0-90ea-d7c1859e9532,f0251bfe-76ac-451d-889f-a22baf7a6a8d,audio,1,B,,,,,,,,,0.0122,0.2312,0.045,0.00269827,0.9537,,,,,,,,,,1,0,0,FALSE,accept,39:33.3
6c5e1542-67a5-40c8-8325-597ac51dc214,ea4c4073-85c1-4c18-8c4c-60207c8e9297,video,1,B,,,,,,,,,,,,,,,,,,,,0,0.5181,0.02,1,0,0,FALSE,accept,01:13.8
3812aa95-ede4-4c68-976b-8bbec9ccda09,a50d2139-8389-46a7-af2e-556b98686d0f,video,1,B,,,,,,,,,,,,,,,,,,,,0,0.2747,0.02,1,0,0,FALSE,accept,40:44.5
a5794ffc-5093-4c3b-ae4a-9d915be3f875,039b8002-b968-4070-9eb4-7d0150a3af7c,visual,2,B,,,,,,,,,,,,,,1,0.0017,16.743,0.0833,0.9113,ken_burns,,,,0,0,0,TRUE,accept,01:23.3
65332167-861d-4019-9327-13e820ce6e41,e414e8e4-e7b5-4ca0-8286-3c40efc53b02,visual,1,B,,,,,,,,,,,,,,1,0.0185,300.7608,0,0.5,modal,,,,0,0,0,FALSE,accept,08:23.7
74a0cd47-b98d-4f3f-977e-b098474683b7,9818c430-ecb9-4494-bcba-8b5460126df9,visual,1,B,,,,,,,,,,,,,,1,0.0045,75.3022,0,0.5,modal,,,,0,0,0,FALSE,reject,06:04.0
25d4be30-329f-483f-975b-e027ac067c53,087fc477-54bf-42a4-a9ed-cfc2bc700af3,audio,1,B,,,,,,,,,0.1029,0.2632,0.0481,0.00271375,0.9468,,,,,,,,,,0,0,0,FALSE,accept,53:36.2
e3ed6056-7928-45dd-80d5-b58367fdef88,ed368cdd-d565-4d24-a1ee-54e2f3611e13,script,1,B,50.32666666666668,0.8416,0.5883,0,0,0.3763,1,1.7034,,,,,,,,,,,,,,,0,0,0,FALSE,accept,50:49.4
421ccca6-826e-44e6-9206-aa25f934a585,d49a0ebc-b1c5-4e42-bfa3-dd4240030058,script,1,B,64.36669696969699,0.8295,0.8846,0,0,0.3901,0,1.494,,,,,,,,,,,,,,,0,0,0,FALSE,accept,20:15.0
37de5bf6-c9be-444f-81b4-7783d95a0553,e3d54cf1-88f8-4f4a-be7b-6aaeff2e01f5,visual,1,B,,,,,,,,,,,,,,1,0.0293,335.7271,0,0.5,modal,,,,0,0,0,FALSE,accept,12:19.4
53464931-72df-4c8e-bd0f-71737606e6b9,9f217a3e-10a1-4912-8ee8-08b4dced99ab,video,1,B,,,,,,,,,,,,,,,,,,,,0,0.3793,0.02,0,0,0,FALSE,accept,11:45.8
82cca8ea-cb35-4d4d-81ec-07e8ae8c3939,ed368cdd-d565-4d24-a1ee-54e2f3611e13,video,1,B,,,,,,,,,,,,,,,,,,,,0,0.2856,0.02,0,0,0,FALSE,reject,00:25.4
77cb18cf-e692-4bd8-ada1-c021c8ad904f,b17d098d-88b4-4984-a833-5b9f773448cc,video,1,B,,,,,,,,,,,,,,,,,,,,0,0.3474,0.02,1,0,0,FALSE,reject,12:40.3
37de5bf6-c9be-444f-81b4-7783d95a0553,e3d54cf1-88f8-4f4a-be7b-6aaeff2e01f5,visual,1,B,,,,,,,,,,,,,,1,0.0293,335.7271,0,0.5,modal,,,,0,0,0,FALSE,reject,12:19.4
a5794ffc-5093-4c3b-ae4a-9d915be3f875,039b8002-b968-4070-9eb4-7d0150a3af7c,visual,2,B,,,,,,,,,,,,,,1,0.0017,16.743,0.0833,0.9113,ken_burns,,,,0,0,0,TRUE,reject,01:23.3
